[{"model": "Anime.language", "pk": 1, "fields": {"name": "English", "iso_code": "en", "created_at": "2019-07-11T09:01:20.292Z", "updated_at": "2019-07-11T09:01:20.292Z"}}, {"model": "Anime.language", "pk": 2, "fields": {"name": "Spanish", "iso_code": "es", "created_at": "2019-07-11T09:01:33.208Z", "updated_at": "2019-07-11T09:01:33.208Z"}}, {"model": "Anime.anime", "pk": 1, "fields": {"title": "Boku No Hero Academia", "created_at": "2019-07-11T09:17:05.068Z", "updated_at": "2019-07-11T09:17:05.068Z"}}, {"model": "Anime.anime", "pk": 2, "fields": {"title": "Tokyo Ghoul", "created_at": "2019-07-11T09:25:10.126Z", "updated_at": "2019-07-11T09:33:45.195Z"}}, {"model": "Anime.anime", "pk": 3, "fields": {"title": "Kishuku Gakkou no Juliet", "created_at": "2019-07-11T11:01:36.843Z", "updated_at": "2019-07-11T11:01:36.843Z"}}, {"model": "Anime.anime", "pk": 4, "fields": {"title": "Uchi no Maid ga Uzasugiru!", "created_at": "2019-07-11T11:05:05.301Z", "updated_at": "2019-07-11T11:05:05.301Z"}}, {"model": "Anime.anime", "pk": 5, "fields": {"title": "Steins;Gate", "created_at": "2019-07-11T11:09:12.472Z", "updated_at": "2019-07-11T11:09:12.472Z"}}, {"model": "Anime.anime", "pk": 6, "fields": {"title": "Goblin Slayer", "created_at": "2019-07-11T11:13:43.448Z", "updated_at": "2019-07-11T11:13:43.448Z"}}, {"model": "Anime.genre", "pk": 2, "fields": {"title": "Action", "thumbnail": "Action.png", "created_at": "2019-07-11T09:06:24.023Z", "updated_at": "2019-07-11T09:06:24.023Z"}}, {"model": "Anime.genre", "pk": 3, "fields": {"title": "Adventure", "thumbnail": "Adventure.png", "created_at": "2019-07-11T09:06:41.638Z", "updated_at": "2019-07-11T09:06:41.638Z"}}, {"model": "Anime.genre", "pk": 4, "fields": {"title": "Comedy", "thumbnail": "Comedy.png", "created_at": "2019-07-11T09:07:01.303Z", "updated_at": "2019-07-11T09:07:01.303Z"}}, {"model": "Anime.genre", "pk": 5, "fields": {"title": "School", "thumbnail": "DailyLife.png", "created_at": "2019-07-11T09:07:46.183Z", "updated_at": "2019-07-11T11:52:43.476Z"}}, {"model": "Anime.genre", "pk": 6, "fields": {"title": "Fantasy", "thumbnail": "Fantasy.png", "created_at": "2019-07-11T09:07:59.912Z", "updated_at": "2019-07-11T09:07:59.912Z"}}, {"model": "Anime.genre", "pk": 7, "fields": {"title": "Romance", "thumbnail": "Romance.png", "created_at": "2019-07-11T09:08:09.463Z", "updated_at": "2019-07-11T09:08:09.463Z"}}, {"model": "Anime.genre", "pk": 8, "fields": {"title": "SciFi", "thumbnail": "ScienceFiction.png", "created_at": "2019-07-11T09:08:31.206Z", "updated_at": "2019-07-11T09:09:15.591Z"}}, {"model": "Anime.genre", "pk": 9, "fields": {"title": "Sports", "thumbnail": "Sports.png", "created_at": "2019-07-11T09:08:55.134Z", "updated_at": "2019-07-11T09:08:55.134Z"}}, {"model": "Anime.genretitleversion", "pk": 2, "fields": {"title": "Acci\u00f3n", "genre_id": 2, "language_id": 2, "created_at": "2019-07-11T09:06:24.026Z", "updated_at": "2019-07-11T09:06:24.026Z"}}, {"model": "Anime.genretitleversion", "pk": 3, "fields": {"title": "Aventura", "genre_id": 3, "language_id": 2, "created_at": "2019-07-11T09:06:41.639Z", "updated_at": "2019-07-11T09:06:41.639Z"}}, {"model": "Anime.genretitleversion", "pk": 4, "fields": {"title": "Comedia", "genre_id": 4, "language_id": 2, "created_at": "2019-07-11T09:07:01.306Z", "updated_at": "2019-07-11T09:07:01.306Z"}}, {"model": "Anime.genretitleversion", "pk": 5, "fields": {"title": "Colegio", "genre_id": 5, "language_id": 2, "created_at": "2019-07-11T09:07:46.184Z", "updated_at": "2019-07-11T09:25:51.952Z"}}, {"model": "Anime.genretitleversion", "pk": 6, "fields": {"title": "Fantasia", "genre_id": 6, "language_id": 2, "created_at": "2019-07-11T09:07:59.915Z", "updated_at": "2019-07-11T09:07:59.915Z"}}, {"model": "Anime.genretitleversion", "pk": 7, "fields": {"title": "Deporte", "genre_id": 9, "language_id": 2, "created_at": "2019-07-11T09:08:55.135Z", "updated_at": "2019-07-11T09:08:55.135Z"}}, {"model": "Anime.genretitleversion", "pk": 8, "fields": {"title": "Ficci\u00f3n", "genre_id": 8, "language_id": 2, "created_at": "2019-07-11T09:09:15.594Z", "updated_at": "2019-07-11T09:09:15.594Z"}}, {"model": "Anime.season", "pk": 1, "fields": {"anime_id": 1, "releaseOrder": 3, "title": "Boku No Hero Academia", "startedAiring": "2018-04-07T08:30:00Z", "stoppedAiring": null, "poster": "2816cZ61ri6x.jpg", "background": "28163fr0Ltd5.jpg", "created_at": "2019-07-11T09:17:05.070Z", "updated_at": "2019-07-11T11:51:19.562Z"}}, {"model": "Anime.season", "pk": 2, "fields": {"anime_id": 2, "releaseOrder": 1, "title": "Tokyo Ghoul", "startedAiring": "2014-07-03T15:00:00Z", "stoppedAiring": null, "poster": "986PGfcbr4n.jpg", "background": "11iuR48P7U.jpg", "created_at": "2019-07-11T09:33:45.197Z", "updated_at": "2019-07-11T11:50:23.323Z"}}, {"model": "Anime.season", "pk": 3, "fields": {"anime_id": 2, "releaseOrder": 2, "title": "Tokyo Ghoul:re", "startedAiring": "2018-04-03T14:00:00Z", "stoppedAiring": null, "poster": "2817pj1MuDOE.jpg", "background": "986PCtUNGw8.jpg", "created_at": "2019-07-11T09:33:45.198Z", "updated_at": "2019-07-11T11:49:22.187Z"}}, {"model": "Anime.season", "pk": 4, "fields": {"anime_id": 3, "releaseOrder": 1, "title": "Kishuku Gakkou no Juliet", "startedAiring": "2018-10-05T16:25:00Z", "stoppedAiring": null, "poster": "2994RkKiOls0.jpg", "background": "2994ewSrqOGC.jpg", "created_at": "2019-07-11T11:01:36.845Z", "updated_at": "2019-07-11T11:54:00.613Z"}}, {"model": "Anime.season", "pk": 5, "fields": {"anime_id": 4, "releaseOrder": 1, "title": "Uchi no Maid ga Uzasugiru!", "startedAiring": "2018-10-05T14:00:00Z", "stoppedAiring": null, "poster": "3005ggLoWr2l.jpg", "background": "3005SOJ7YWae.jpg", "created_at": "2019-07-11T11:05:05.303Z", "updated_at": "2019-07-11T11:47:25.667Z"}}, {"model": "Anime.season", "pk": 6, "fields": {"anime_id": 5, "releaseOrder": 1, "title": "Steins;Gate", "startedAiring": "2011-04-05T17:05:00Z", "stoppedAiring": null, "poster": "231a16Y7xZO.jpg", "background": "231flmcHRlU.jpg", "created_at": "2019-07-11T11:09:12.474Z", "updated_at": "2019-07-11T11:46:14.546Z"}}, {"model": "Anime.season", "pk": 7, "fields": {"anime_id": 6, "releaseOrder": 1, "title": "Goblin Slayer", "startedAiring": "2018-10-06T15:30:00Z", "stoppedAiring": null, "poster": "2989pxn2dM8d.jpg", "background": "2989pxGAvzve.jpg", "created_at": "2019-07-11T11:13:43.450Z", "updated_at": "2019-07-11T11:55:24.766Z"}}, {"model": "Anime.seasongenre", "pk": 1, "fields": {"season_id": 1, "genre_id": 2, "created_at": "2019-07-11T09:23:59.893Z", "updated_at": "2019-07-11T09:23:59.893Z"}}, {"model": "Anime.seasongenre", "pk": 2, "fields": {"season_id": 1, "genre_id": 4, "created_at": "2019-07-11T09:23:59.894Z", "updated_at": "2019-07-11T09:23:59.894Z"}}, {"model": "Anime.seasongenre", "pk": 3, "fields": {"season_id": 1, "genre_id": 8, "created_at": "2019-07-11T09:23:59.895Z", "updated_at": "2019-07-11T09:23:59.895Z"}}, {"model": "Anime.seasongenre", "pk": 4, "fields": {"season_id": 1, "genre_id": 5, "created_at": "2019-07-11T09:23:59.900Z", "updated_at": "2019-07-11T09:23:59.900Z"}}, {"model": "Anime.seasongenre", "pk": 5, "fields": {"season_id": 6, "genre_id": 8, "created_at": "2019-07-11T11:26:59.886Z", "updated_at": "2019-07-11T11:26:59.886Z"}}, {"model": "Anime.seasongenre", "pk": 6, "fields": {"season_id": 7, "genre_id": 2, "created_at": "2019-07-11T11:27:51.505Z", "updated_at": "2019-07-11T11:27:51.505Z"}}, {"model": "Anime.seasongenre", "pk": 7, "fields": {"season_id": 7, "genre_id": 3, "created_at": "2019-07-11T11:27:51.510Z", "updated_at": "2019-07-11T11:27:51.510Z"}}, {"model": "Anime.seasongenre", "pk": 8, "fields": {"season_id": 7, "genre_id": 6, "created_at": "2019-07-11T11:27:51.512Z", "updated_at": "2019-07-11T11:27:51.512Z"}}, {"model": "Anime.seasongenre", "pk": 9, "fields": {"season_id": 5, "genre_id": 4, "created_at": "2019-07-11T11:28:46.495Z", "updated_at": "2019-07-11T11:28:46.495Z"}}, {"model": "Anime.seasongenre", "pk": 10, "fields": {"season_id": 3, "genre_id": 2, "created_at": "2019-07-11T11:30:04.824Z", "updated_at": "2019-07-11T11:30:04.824Z"}}, {"model": "Anime.seasongenre", "pk": 11, "fields": {"season_id": 3, "genre_id": 8, "created_at": "2019-07-11T11:30:04.824Z", "updated_at": "2019-07-11T11:30:04.825Z"}}, {"model": "Anime.seasongenre", "pk": 12, "fields": {"season_id": 2, "genre_id": 2, "created_at": "2019-07-11T11:32:18.511Z", "updated_at": "2019-07-11T11:32:18.511Z"}}, {"model": "Anime.seasongenre", "pk": 13, "fields": {"season_id": 2, "genre_id": 8, "created_at": "2019-07-11T11:32:18.512Z", "updated_at": "2019-07-11T11:32:18.512Z"}}, {"model": "Anime.seasongenre", "pk": 14, "fields": {"season_id": 2, "genre_id": 6, "created_at": "2019-07-11T11:32:18.512Z", "updated_at": "2019-07-11T11:32:18.512Z"}}, {"model": "Anime.seasongenre", "pk": 15, "fields": {"season_id": 4, "genre_id": 2, "created_at": "2019-07-11T11:54:00.617Z", "updated_at": "2019-07-11T11:54:00.617Z"}}, {"model": "Anime.seasongenre", "pk": 16, "fields": {"season_id": 4, "genre_id": 4, "created_at": "2019-07-11T11:54:00.618Z", "updated_at": "2019-07-11T11:54:00.618Z"}}, {"model": "Anime.seasongenre", "pk": 17, "fields": {"season_id": 4, "genre_id": 7, "created_at": "2019-07-11T11:54:00.619Z", "updated_at": "2019-07-11T11:54:00.619Z"}}, {"model": "Anime.seasondescription", "pk": 1, "fields": {"season_id": 7, "language_id": 1, "description": "Goblins are known for their ferocity, cunning, and rapid reproduction, but their reputation as the lowliest of monsters causes their threat to be overlooked. Raiding rural civilizations to kidnap females of other species for breeding, these vile creatures are free to continue their onslaught as adventurers turn a blind eye in favor of more rewarding assignments with larger bounties.", "created_at": "2019-07-11T11:43:59.574Z", "updated_at": "2019-07-11T11:43:59.574Z"}}, {"model": "Anime.seasondescription", "pk": 2, "fields": {"season_id": 7, "language_id": 2, "description": "Una joven sacerdotisa ha formado su primer grupo de aventureros, pero no tardan mucho en verse en serios problemas. Por suerte, quien aparece en su rescate es el Asesino de Goblins, un hombre que ha dedicado su vida a exterminar a todo goblin viviente por los medios que fueran necesarios. Cuando comienzan a circular rumores sobre sus haza\u00f1as, no hay forma de saber qui\u00e9n ser\u00e1 el pr\u00f3ximo en aparecer\u2026", "created_at": "2019-07-11T11:43:59.577Z", "updated_at": "2019-07-11T11:43:59.577Z"}}, {"model": "Anime.seasondescription", "pk": 3, "fields": {"season_id": 6, "language_id": 1, "description": "The self-proclaimed mad scientist Rintarou Okabe rents out a room in a rickety old building in Akihabara, where he indulges himself in his hobby of inventing prospective \"future gadgets\" with fellow lab members: Mayuri Shiina, his air-headed childhood friend, and Hashida Itaru, a perverted hacker nicknamed \"Daru.\"", "created_at": "2019-07-11T11:46:14.552Z", "updated_at": "2019-07-11T11:46:14.552Z"}}, {"model": "Anime.seasondescription", "pk": 4, "fields": {"season_id": 6, "language_id": 2, "description": "La historia toma lugar en Akihabara y trata acerca de un grupo de amigos que modificaron su microondas conviertiendolo en un dispositivo que puede mandar mensajes de texto al pasado. Mientras realizan diversos experimentos, una organizacion llamada SERN, que ha estado realizando su propia investigacion sobre viajes en el tiempo, los localiza y ahora los personajes deben buscar una manera de evitar ser capturados por ellos.", "created_at": "2019-07-11T11:46:14.553Z", "updated_at": "2019-07-11T11:46:14.553Z"}}, {"model": "Anime.seasondescription", "pk": 5, "fields": {"season_id": 5, "language_id": 1, "description": "Having lost her mother at a young age, Misha Takanashi, a second grader who is half-Russian and half-Japanese, now lives with her Japanese father. Tsubame Kamoi, formerly a Japan Air Self-Defense Force, JASDF officer, comes to the Takanashi household as a housekeeper. This is a home comedy where Kamoi, a hardcore lolicon, attempts to get near Misha as she tries to fight against her.", "created_at": "2019-07-11T11:47:25.668Z", "updated_at": "2019-07-11T11:47:25.668Z"}}, {"model": "Anime.seasondescription", "pk": 6, "fields": {"season_id": 5, "language_id": 2, "description": "Tsubame Kamoi es una antiguo miembro de las Fuerzas de Autodefensa de Jap\u00f3n que solo ha conocido la instrucci\u00f3n militar. Ahora est\u00e1 desempleada, y encontrar un trabajo que vaya con sus habilidades no es algo precisamente f\u00e1cil, en especial cuando quiere que en \u00e9l haya alguna ni\u00f1a peque\u00f1a inocente y pura a la que vestir a su gusto y placer. Es su obsesi\u00f3n. Tras mucho buscar aparece su oportunidad: ser criada en una casa donde hay una ni\u00f1a que cumple con sus gustos, pero la ni\u00f1a la odia y quiere echarla.", "created_at": "2019-07-11T11:47:25.669Z", "updated_at": "2019-07-11T11:47:25.669Z"}}, {"model": "Anime.seasondescription", "pk": 7, "fields": {"season_id": 4, "language_id": 1, "description": "We lay our scene in the fair Dahlia Academy, where two countries, both alike in dignity, come together; the \"Black Doggies\" of the Eastern Nation of Touwa and \"White Cats\" of the Principality of West have a longstanding feud. Romio Inuzuka and Juliet Persia, leaders of their respective dorms, seem to be bitter enemies.", "created_at": "2019-07-11T11:48:38.822Z", "updated_at": "2019-07-11T11:48:38.822Z"}}, {"model": "Anime.seasondescription", "pk": 8, "fields": {"season_id": 4, "language_id": 2, "description": "La historia sigue a dos estudiantes de dos naciones que asisten al internado de la Academia Dahlia, as\u00ed como a un amor prohibido que florece entre ellos. En la Naci\u00f3n T\u014dwa se encuentra Romio Inuzuka y en el dormitorio del Principado del Oeste se encuentra su eterna enemiga, Juliet Percia. Todo comienza con la confesi\u00f3n en la que Romio pone en juego su vida.", "created_at": "2019-07-11T11:48:38.823Z", "updated_at": "2019-07-11T11:48:38.823Z"}}, {"model": "Anime.seasondescription", "pk": 9, "fields": {"season_id": 3, "language_id": 1, "description": "Two years have passed since the CCG's raid on Anteiku. Although the atmosphere in Tokyo has changed drastically due to the increased influence of the CCG, ghouls continue to pose a problem as they have begun taking caution, especially the terrorist organization Aogiri Tree, who acknowledge the CCG's growing threat to their existence.", "created_at": "2019-07-11T11:49:22.189Z", "updated_at": "2019-07-11T11:49:22.189Z"}}, {"model": "Anime.seasondescription", "pk": 10, "fields": {"season_id": 3, "language_id": 2, "description": "Dos a\u00f1os despu\u00e9s del ataque del CCG al Anteiku, la ciudad de Tokio cambia dr\u00e1sticamente debido a la influencia del CCG. Adem\u00e1s, los ghouls siguen siendo un problema, pues ahora se han vuelto m\u00e1s cautos. Sin embargo, se crear\u00e1 la nueva escuadra experimental Quinx para mantenerlos a raya, un grupo liderado por un mitad ghoul, mitad humano.", "created_at": "2019-07-11T11:49:22.190Z", "updated_at": "2019-07-11T11:49:22.190Z"}}, {"model": "Anime.seasondescription", "pk": 11, "fields": {"season_id": 2, "language_id": 1, "description": "Tokyo has become a cruel and merciless city\u2014a place where vicious creatures called \u201cghouls\u201d exist alongside humans. The citizens of this once great metropolis live in constant fear of these bloodthirsty savages and their thirst for human flesh. However, the greatest threat these ghouls pose is their dangerous ability to masquerade as humans and blend in with society.", "created_at": "2019-07-11T11:50:23.326Z", "updated_at": "2019-07-11T11:50:23.326Z"}}, {"model": "Anime.seasondescription", "pk": 12, "fields": {"season_id": 2, "language_id": 2, "description": "Extra\u00f1os asesinatos se est\u00e1n sucediendo uno tras otro en Tokyo. Debido a las pruebas encontradas en las escenas, la polic\u00eda concluye que los ataques son obra de ghouls que se comen a las personas. Kaneki y Hide, dos compa\u00f1eros de clase, llegan a la conclusi\u00f3n de que si nadie ha visto nunca a esos necr\u00f3fagos es porque toman la apariencia de seres humanos para ocultarse.", "created_at": "2019-07-11T11:50:23.332Z", "updated_at": "2019-07-11T11:50:23.333Z"}}, {"model": "Anime.seasondescription", "pk": 13, "fields": {"season_id": 1, "language_id": 1, "description": "As summer arrives for the students at UA Academy, each of these superheroes-in-training puts in their best efforts to become renowned heroes. They head off to a forest training camp run by UA's pro heroes, where the students face one another in battle and go through dangerous tests, improving their abilities and pushing past their limits. However, their school trip is suddenly turned upside down when the League of Villains arrives, invading the camp with a mission to capture one of the students.", "created_at": "2019-07-11T11:51:19.563Z", "updated_at": "2019-07-11T11:51:19.563Z"}}, {"model": "Anime.seasondescription", "pk": 14, "fields": {"season_id": 1, "language_id": 2, "description": "Tercera temporada de Boku no Hero Academia.", "created_at": "2019-07-11T11:51:19.565Z", "updated_at": "2019-07-11T11:51:19.565Z"}}, {"model": "Anime.episode", "pk": 1, "fields": {"episodeOrder": 1, "thumbnail": "453531xByVYfZ.jpg", "season_id": 1, "episode_code": "a5b4b916-e47f-49a8-bbf6-dbeb562283fc", "created_at": "2019-07-11T09:21:30.613Z", "updated_at": "2019-07-11T09:21:30.613Z"}}, {"model": "Anime.episode", "pk": 2, "fields": {"episodeOrder": 2, "thumbnail": "45442dIH1pH83.jpg", "season_id": 1, "episode_code": "3defa1fc-303d-4521-b6bd-3d9343f617d1", "created_at": "2019-07-11T09:23:03.032Z", "updated_at": "2019-07-11T09:23:03.032Z"}}, {"model": "Anime.episode", "pk": 3, "fields": {"episodeOrder": 3, "thumbnail": "45516luzmeknM.jpg", "season_id": 1, "episode_code": "89646b07-64f9-4a6d-bdac-bba32f162c00", "created_at": "2019-07-11T09:23:03.033Z", "updated_at": "2019-07-11T09:23:03.034Z"}}, {"model": "Anime.episode", "pk": 4, "fields": {"episodeOrder": 1, "thumbnail": "48645chmTMsB0.jpg", "season_id": 4, "episode_code": "a0897802-2d18-49ac-b373-f9df1fa4d62e", "created_at": "2019-07-11T11:02:36.797Z", "updated_at": "2019-07-11T11:02:36.797Z"}}, {"model": "Anime.episode", "pk": 5, "fields": {"episodeOrder": 1, "thumbnail": "484325OVYP3qc.jpg", "season_id": 5, "episode_code": "bab452f1-dfa2-470e-b8dd-08c6f09d9d50", "created_at": "2019-07-11T11:06:02.957Z", "updated_at": "2019-07-11T11:06:02.957Z"}}, {"model": "Anime.episode", "pk": 6, "fields": {"episodeOrder": 1, "thumbnail": "49261cEN1Z5m.jpg", "season_id": 6, "episode_code": "b28da846-919d-4b9c-a01e-a735932bc6e4", "created_at": "2019-07-11T11:11:03.498Z", "updated_at": "2019-07-11T11:11:03.498Z"}}, {"model": "Anime.episode", "pk": 7, "fields": {"episodeOrder": 1, "thumbnail": "48522LHyvEvS0.jpg", "season_id": 7, "episode_code": "1c2d160f-58ae-48d6-b939-9768f18d8235", "created_at": "2019-07-11T11:21:43.556Z", "updated_at": "2019-07-11T11:21:43.556Z"}}, {"model": "Anime.episode", "pk": 8, "fields": {"episodeOrder": 2, "thumbnail": "484420BGWb73G.jpg", "season_id": 7, "episode_code": "0e5ce129-71f8-4fab-8c74-3a60503ff9f1", "created_at": "2019-07-11T11:21:43.557Z", "updated_at": "2019-07-11T11:21:43.557Z"}}, {"model": "Anime.episode", "pk": 9, "fields": {"episodeOrder": 3, "thumbnail": "487207STqxnFT.jpg", "season_id": 7, "episode_code": "b4711a29-8745-4b92-b481-f125900b3ff2", "created_at": "2019-07-11T11:21:43.561Z", "updated_at": "2019-07-11T11:21:43.561Z"}}, {"model": "Anime.episode", "pk": 10, "fields": {"episodeOrder": 4, "thumbnail": "49147Wc6Ljxad.jpg", "season_id": 7, "episode_code": "b907fd30-e565-4cfc-9ff0-31f491e7520d", "created_at": "2019-07-11T11:21:43.562Z", "updated_at": "2019-07-11T11:21:43.562Z"}}, {"model": "Anime.episode", "pk": 11, "fields": {"episodeOrder": 5, "thumbnail": "48845nRvtMo7d.jpg", "season_id": 7, "episode_code": "679c2c29-1fee-497b-b954-16e34ea6e278", "created_at": "2019-07-11T11:21:43.563Z", "updated_at": "2019-07-11T11:21:43.563Z"}}, {"model": "Anime.episode", "pk": 12, "fields": {"episodeOrder": 6, "thumbnail": "48781el1mcnSj.jpg", "season_id": 7, "episode_code": "5851d4bc-14c5-4bc7-a918-85374e071d6e", "created_at": "2019-07-11T11:21:43.563Z", "updated_at": "2019-07-11T11:21:43.563Z"}}, {"model": "Anime.episode", "pk": 13, "fields": {"episodeOrder": 7, "thumbnail": "48934dxZYxgMf.jpg", "season_id": 7, "episode_code": "2e09044d-772f-4dc0-9bae-d7eecf9edb56", "created_at": "2019-07-11T11:21:43.564Z", "updated_at": "2019-07-11T11:21:43.564Z"}}, {"model": "Anime.episode", "pk": 14, "fields": {"episodeOrder": 8, "thumbnail": "48591coiTxODZ.jpg", "season_id": 7, "episode_code": "a121420b-dcfd-42e9-88c0-6c7f8e5acb68", "created_at": "2019-07-11T11:21:43.565Z", "updated_at": "2019-07-11T11:21:43.565Z"}}, {"model": "Anime.episode", "pk": 15, "fields": {"episodeOrder": 9, "thumbnail": "48655Ju2A3zqp.jpg", "season_id": 7, "episode_code": "b9afbf7f-11c7-4beb-bf57-dad13699205c", "created_at": "2019-07-11T11:21:43.566Z", "updated_at": "2019-07-11T11:21:43.566Z"}}, {"model": "Anime.episode", "pk": 16, "fields": {"episodeOrder": 10, "thumbnail": "4921889jio3jw.jpg", "season_id": 7, "episode_code": "5a64661d-6a76-4859-96a0-60378768a2fe", "created_at": "2019-07-11T11:21:43.566Z", "updated_at": "2019-07-11T11:55:24.768Z"}}, {"model": "Anime.episode", "pk": 17, "fields": {"episodeOrder": 11, "thumbnail": "493335yxbtYJn.jpg", "season_id": 7, "episode_code": "3d539b39-8ea3-4ae2-94dd-ddb076ed65fb", "created_at": "2019-07-11T11:21:43.567Z", "updated_at": "2019-07-11T11:21:43.567Z"}}, {"model": "Anime.episode", "pk": 18, "fields": {"episodeOrder": 12, "thumbnail": "49372DFE4KUCO.jpg", "season_id": 7, "episode_code": "c49e3c39-5522-48d3-91a8-6d51ae27365a", "created_at": "2019-07-11T11:21:43.568Z", "updated_at": "2019-07-11T11:55:24.769Z"}}, {"model": "Anime.episode", "pk": 19, "fields": {"episodeOrder": 1, "thumbnail": "231a16Y7.jpg", "season_id": 3, "episode_code": "03e6d275-c073-469f-8353-959a2e632e05", "created_at": "2019-07-11T11:30:43.702Z", "updated_at": "2019-07-11T11:30:43.702Z"}}, {"model": "Anime.episode", "pk": 20, "fields": {"episodeOrder": 2, "thumbnail": "45300rZwOT8RE.jpg", "season_id": 3, "episode_code": "c479be95-15b4-4979-88cf-57977498b40b", "created_at": "2019-07-11T11:30:43.705Z", "updated_at": "2019-07-11T11:30:43.705Z"}}, {"model": "Anime.episode", "pk": 21, "fields": {"episodeOrder": 1, "thumbnail": "20600jb45SVdb.jpg", "season_id": 2, "episode_code": "731f4fd0-d8cc-49c2-88ca-b1fefec01c87", "created_at": "2019-07-11T11:31:25.412Z", "updated_at": "2019-07-11T11:31:25.412Z"}}]