[{"model": "Anime.language", "pk": 1, "fields": {"name": "English", "iso_code": "en", "created_at": "2018-11-01T00:00:00Z", "updated_at": "2018-11-01T00:00:00Z"}}, {"model": "Anime.language", "pk": 2, "fields": {"name": "Spanish", "iso_code": "es", "created_at": "2018-11-01T00:00:00Z", "updated_at": "2018-11-01T00:00:00Z"}}, {"model": "Anime.anime", "pk": 1, "fields": {"title": "Boku no Hero Academia", "created_at": "2018-11-01T00:00:00Z", "updated_at": "2018-11-01T00:00:00Z"}}, {"model": "Anime.anime", "pk": 2, "fields": {"title": "Tokyo Ghoul", "created_at": "2018-11-01T00:00:00Z", "updated_at": "2018-11-01T00:00:00Z"}}, {"model": "Anime.anime", "pk": 3, "fields": {"title": "Uchi no Maid ga", "created_at": "2018-11-01T00:00:00Z", "updated_at": "2018-11-01T00:00:00Z"}}, {"model": "Anime.anime", "pk": 4, "fields": {"title": "Kishuku Gakkou no Juliet", "created_at": "2018-11-01T00:00:00Z", "updated_at": "2018-11-01T00:00:00Z"}}, {"model": "Anime.anime", "pk": 5, "fields": {"title": "Steins;Gate", "created_at": "2018-11-01T00:00:00Z", "updated_at": "2018-11-01T00:00:00Z"}}, {"model": "Anime.genre", "pk": 1, "fields": {"title": "Action", "thumbnail": "Action.png", "created_at": "2018-11-01T00:00:00Z", "updated_at": "2018-11-01T00:00:00Z"}}, {"model": "Anime.genre", "pk": 2, "fields": {"title": "Adventure", "thumbnail": "Adventure.png", "created_at": "2018-12-01T22:11:29.844Z", "updated_at": "2018-12-01T22:11:29.844Z"}}, {"model": "Anime.genre", "pk": 3, "fields": {"title": "Comedy", "thumbnail": "Comedy.png", "created_at": "2018-12-01T22:11:40.402Z", "updated_at": "2018-12-01T22:11:40.402Z"}}, {"model": "Anime.genre", "pk": 4, "fields": {"title": "DailyLife", "thumbnail": "DailyLife.png", "created_at": "2018-12-01T22:11:51.137Z", "updated_at": "2018-12-01T22:11:51.137Z"}}, {"model": "Anime.genre", "pk": 5, "fields": {"title": "Fantasy", "thumbnail": "Fantasy.png", "created_at": "2018-12-01T22:12:04.702Z", "updated_at": "2018-12-01T22:12:04.703Z"}}, {"model": "Anime.genre", "pk": 6, "fields": {"title": "Romance", "thumbnail": "Romance.png", "created_at": "2018-12-01T22:12:18.478Z", "updated_at": "2018-12-01T22:13:10.145Z"}}, {"model": "Anime.genre", "pk": 7, "fields": {"title": "ScienceFiction", "thumbnail": "ScienceFiction.png", "created_at": "2018-12-01T22:12:30.716Z", "updated_at": "2018-12-01T22:12:30.716Z"}}, {"model": "Anime.genre", "pk": 8, "fields": {"title": "Sports", "thumbnail": "Sports.png", "created_at": "2018-12-01T22:12:41.868Z", "updated_at": "2018-12-01T22:12:41.868Z"}}, {"model": "Anime.animegenre", "pk": 1, "fields": {"anime_id": 1, "genre_id": 1, "created_at": "2018-11-02T00:00:00Z", "updated_at": "2018-11-02T00:00:00Z"}}, {"model": "Anime.animegenre", "pk": 2, "fields": {"anime_id": 2, "genre_id": 1, "created_at": "2018-11-02T00:00:00Z", "updated_at": "2018-11-02T00:00:00Z"}}, {"model": "Anime.animegenre", "pk": 3, "fields": {"anime_id": 3, "genre_id": 1, "created_at": "2018-11-02T00:00:00Z", "updated_at": "2018-11-02T00:00:00Z"}}, {"model": "Anime.animegenre", "pk": 4, "fields": {"anime_id": 4, "genre_id": 1, "created_at": "2018-11-02T00:00:00Z", "updated_at": "2018-11-02T00:00:00Z"}}, {"model": "Anime.animegenre", "pk": 5, "fields": {"anime_id": 5, "genre_id": 1, "created_at": "2018-11-02T00:00:00Z", "updated_at": "2018-11-02T00:00:00Z"}}, {"model": "Anime.animedescription", "pk": 1, "fields": {"anime_id": 1, "language_id": 1, "description": "One day, a four-year-old boy came to a sudden realization: the world is not fair.", "created_at": "2018-11-01T00:00:00Z", "updated_at": "2018-11-01T00:00:00Z"}}, {"model": "Anime.animedescription", "pk": 2, "fields": {"anime_id": 2, "language_id": 1, "description": "Tokyo has become a cruel and merciless city\u2014a place where vicious creatures called \u201cghouls\u201d exist alongside humans.", "created_at": "2018-11-01T00:00:00Z", "updated_at": "2018-11-01T00:00:00Z"}}, {"model": "Anime.animedescription", "pk": 3, "fields": {"anime_id": 3, "language_id": 1, "description": "Having lost her mother at a young age, Misha Takanashi, a second grader with Russian blood, now lives with her Japanese father.", "created_at": "2018-11-01T00:00:00Z", "updated_at": "2018-11-01T00:00:00Z"}}, {"model": "Anime.animedescription", "pk": 4, "fields": {"anime_id": 4, "language_id": 1, "description": "The story takes place at Grigio Academy Boarding School where students come from two rivaling countries.", "created_at": "2018-11-01T00:00:00Z", "updated_at": "2018-11-01T00:00:00Z"}}, {"model": "Anime.animedescription", "pk": 5, "fields": {"anime_id": 5, "language_id": 1, "description": "The self-proclaimed mad scientist Rintarou Okabe rents out a room in a rickety old building in Akihabara.", "created_at": "2018-11-01T00:00:00Z", "updated_at": "2018-11-01T00:00:00Z"}}, {"model": "Anime.season", "pk": 1, "fields": {"anime_id": 1, "seasonOrder": 1, "title": "Boku no Hero Academia", "startedAiring": "2018-11-01T00:00:00Z", "stoppedAiring": null, "poster": "2816cZ61ri6x.jpg", "background": "28163fr0Ltd5.jpg", "created_at": "2018-11-01T00:00:00Z", "updated_at": "2018-11-01T00:00:00Z"}}, {"model": "Anime.season", "pk": 2, "fields": {"anime_id": 2, "seasonOrder": 1, "title": "Tokyo Ghoul", "startedAiring": "2018-11-01T00:00:00Z", "stoppedAiring": null, "poster": "986PGfcbr4n.jpg", "background": "986PCtUNGw8.jpg", "created_at": "2018-11-01T00:00:00Z", "updated_at": "2018-11-01T00:00:00Z"}}, {"model": "Anime.season", "pk": 3, "fields": {"anime_id": 3, "seasonOrder": 1, "title": "Uchi no Maid ga Uzasugiru!", "startedAiring": "2018-11-01T00:00:00Z", "stoppedAiring": null, "poster": "3005ggLoWr2l.jpg", "background": "3005SOJ7YWae.jpg", "created_at": "2018-11-01T00:00:00Z", "updated_at": "2018-11-01T00:00:00Z"}}, {"model": "Anime.season", "pk": 4, "fields": {"anime_id": 4, "seasonOrder": 1, "title": "Kishuku Gakkou no Juliet", "startedAiring": "2018-11-01T00:00:00Z", "stoppedAiring": null, "poster": "2994RkKiOls0.jpg", "background": "2994ewSrqOGC.jpg", "created_at": "2018-11-01T00:00:00Z", "updated_at": "2018-11-01T00:00:00Z"}}, {"model": "Anime.season", "pk": 5, "fields": {"anime_id": 5, "seasonOrder": 1, "title": "Steins;Gate", "startedAiring": "2018-11-01T00:00:00Z", "stoppedAiring": null, "poster": "231a16Y7xZO.jpg", "background": "231flmcHRlU.jpg", "created_at": "2018-11-01T00:00:00Z", "updated_at": "2018-11-01T00:00:00Z"}}, {"model": "Anime.season", "pk": 6, "fields": {"anime_id": 2, "seasonOrder": 3, "title": "Tokyo Ghoul:re", "startedAiring": "2018-11-27T18:24:09Z", "stoppedAiring": null, "poster": "2817pj1MuDOE.jpg", "background": "986PCtUNGw8.jpg", "created_at": "2018-11-27T18:28:14.072Z", "updated_at": "2018-11-27T18:46:30.003Z"}}, {"model": "Anime.episode", "pk": 1, "fields": {"episodeOrder": 1, "thumbnail": "453531xByVYfZ.jpg", "season_id": 1, "created_at": "2018-11-01T00:00:00Z", "updated_at": "2018-11-01T00:00:00Z"}}, {"model": "Anime.episode", "pk": 2, "fields": {"episodeOrder": 1, "thumbnail": "20600jb45SVdb.jpg", "season_id": 2, "created_at": "2018-11-01T00:00:00Z", "updated_at": "2018-11-01T00:00:00Z"}}, {"model": "Anime.episode", "pk": 3, "fields": {"episodeOrder": 1, "thumbnail": "484325OVYP3qc.jpg", "season_id": 3, "created_at": "2018-11-01T00:00:00Z", "updated_at": "2018-11-01T00:00:00Z"}}, {"model": "Anime.episode", "pk": 4, "fields": {"episodeOrder": 1, "thumbnail": "48645chmTMsB0.jpg", "season_id": 4, "created_at": "2018-11-01T00:00:00Z", "updated_at": "2018-11-01T00:00:00Z"}}, {"model": "Anime.episode", "pk": 5, "fields": {"episodeOrder": 1, "thumbnail": "49261cEN1Z5m.jpg", "season_id": 5, "created_at": "2018-11-01T00:00:00Z", "updated_at": "2018-11-01T00:00:00Z"}}, {"model": "Anime.episode", "pk": 6, "fields": {"episodeOrder": 2, "thumbnail": "45442dIH1pH83.jpg", "season_id": 1, "created_at": "2018-11-01T00:00:00Z", "updated_at": "2018-11-01T00:00:00Z"}}, {"model": "Anime.episode", "pk": 7, "fields": {"episodeOrder": 3, "thumbnail": "45516luzmeknM.jpg", "season_id": 1, "created_at": "2018-11-01T00:00:00Z", "updated_at": "2018-11-01T00:00:00Z"}}, {"model": "Anime.episode", "pk": 9, "fields": {"episodeOrder": 1, "thumbnail": "45300rZwOT8RE.jpg", "season_id": 6, "created_at": "2018-11-27T18:28:14.073Z", "updated_at": "2018-11-27T18:43:24.217Z"}}, {"model": "Anime.episode", "pk": 10, "fields": {"episodeOrder": 2, "thumbnail": "231a16Y7.jpg", "season_id": 6, "created_at": "2018-11-27T20:25:49.736Z", "updated_at": "2018-11-27T20:25:49.736Z"}}, {"model": "Anime.episodetitle", "pk": 1, "fields": {"text": "My Hero", "episode_id": 1, "language_id": 1, "created_at": "2018-11-01T00:00:00Z", "updated_at": "2018-11-01T00:00:00Z"}}, {"model": "Anime.episodetitle", "pk": 2, "fields": {"text": "Tragedy", "episode_id": 2, "language_id": 1, "created_at": "2018-11-01T00:00:00Z", "updated_at": "2018-11-01T00:00:00Z"}}, {"model": "Anime.episodetitle", "pk": 3, "fields": {"text": "Our Maid is too Annoying", "episode_id": 3, "language_id": 1, "created_at": "2018-11-01T00:00:00Z", "updated_at": "2018-11-01T00:00:00Z"}}, {"model": "Anime.episodetitle", "pk": 4, "fields": {"text": "Romio Inuzuka and Juliet Persia", "episode_id": 4, "language_id": 1, "created_at": "2018-11-01T00:00:00Z", "updated_at": "2018-11-01T00:00:00Z"}}, {"model": "Anime.episodetitle", "pk": 5, "fields": {"text": "Prologue of the Beginning and Ending", "episode_id": 5, "language_id": 1, "created_at": "2018-11-01T00:00:00Z", "updated_at": "2018-11-01T00:00:00Z"}}, {"model": "Anime.episodetitle", "pk": 6, "fields": {"text": "Wild, Wild pussycats", "episode_id": 6, "language_id": 1, "created_at": "2018-11-01T00:00:00Z", "updated_at": "2018-11-01T00:00:00Z"}}, {"model": "Anime.episodetitle", "pk": 7, "fields": {"text": "Kota", "episode_id": 7, "language_id": 1, "created_at": "2018-11-01T00:00:00Z", "updated_at": "2018-11-01T00:00:00Z"}}, {"model": "Anime.episodetitle", "pk": 8, "fields": {"text": "Those who hunt", "episode_id": 9, "language_id": 1, "created_at": "2018-11-27T18:43:24.221Z", "updated_at": "2018-11-27T18:43:24.221Z"}}, {"model": "Anime.episodetitle", "pk": 9, "fields": {"text": "Deeer Layers", "episode_id": 10, "language_id": 1, "created_at": "2018-11-27T20:25:49.738Z", "updated_at": "2018-11-27T20:25:49.738Z"}}, {"model": "Anime.episodeversion", "pk": 1, "fields": {"episode_url": "FQ4FXVX3X5", "episode_id": 1, "language_id": 1, "created_at": "2018-11-01T00:00:00Z", "updated_at": "2018-11-01T00:00:00Z"}}, {"model": "Anime.episodeversion", "pk": 2, "fields": {"episode_url": "FQ4FXVX3F4", "episode_id": 2, "language_id": 1, "created_at": "2018-11-01T00:00:00Z", "updated_at": "2018-11-01T00:00:00Z"}}, {"model": "Anime.episodeversion", "pk": 3, "fields": {"episode_url": "FQ4FXVX3M2", "episode_id": 3, "language_id": 1, "created_at": "2018-11-01T00:00:00Z", "updated_at": "2018-11-01T00:00:00Z"}}, {"model": "Anime.episodeversion", "pk": 4, "fields": {"episode_url": "FQ4FXVX3J2", "episode_id": 4, "language_id": 1, "created_at": "2018-11-01T00:00:00Z", "updated_at": "2018-11-01T00:00:00Z"}}, {"model": "Anime.episodeversion", "pk": 5, "fields": {"episode_url": "FQ4FXVX3E8", "episode_id": 5, "language_id": 1, "created_at": "2018-11-01T00:00:00Z", "updated_at": "2018-11-01T00:00:00Z"}}, {"model": "Anime.episodeversion", "pk": 6, "fields": {"episode_url": "FQ4FXVX3O5", "episode_id": 6, "language_id": 1, "created_at": "2018-11-01T00:00:00Z", "updated_at": "2018-11-01T00:00:00Z"}}, {"model": "Anime.episodeversion", "pk": 7, "fields": {"episode_url": "FQ4FXVX3P5", "episode_id": 7, "language_id": 1, "created_at": "2018-11-01T00:00:00Z", "updated_at": "2018-11-01T00:00:00Z"}}, {"model": "Anime.episodeversion", "pk": 8, "fields": {"episode_url": "FQ4FXLLO2", "episode_id": 9, "language_id": 1, "created_at": "2018-11-27T18:43:24.223Z", "updated_at": "2018-11-27T18:43:24.224Z"}}, {"model": "Anime.episodeversion", "pk": 9, "fields": {"episode_url": "FQ4FXLLO2L1", "episode_id": 10, "language_id": 1, "created_at": "2018-11-27T20:25:49.742Z", "updated_at": "2018-11-27T20:25:49.742Z"}}]