[{"model": "Anime.language", "pk": 1, "fields": {"name": "English", "iso_code": "en", "created_at": "2018-12-03T18:37:00.484Z", "updated_at": "2018-12-03T18:37:00.484Z"}}, {"model": "Anime.language", "pk": 2, "fields": {"name": "Spanish", "iso_code": "es", "created_at": "2018-12-03T18:37:06.831Z", "updated_at": "2018-12-03T18:37:06.831Z"}}, {"model": "Anime.anime", "pk": 1, "fields": {"title": "Boku no Hero Academia", "created_at": "2018-12-03T18:37:57.522Z", "updated_at": "2018-12-03T18:39:01.068Z"}}, {"model": "Anime.anime", "pk": 2, "fields": {"title": "Tokyo Ghoul", "created_at": "2018-12-03T19:01:35.987Z", "updated_at": "2018-12-03T19:07:02.243Z"}}, {"model": "Anime.anime", "pk": 3, "fields": {"title": "Steins;Gate", "created_at": "2018-12-03T19:23:04.562Z", "updated_at": "2018-12-03T19:23:04.562Z"}}, {"model": "Anime.anime", "pk": 4, "fields": {"title": "Kishuku Gakkou no Juliet", "created_at": "2018-12-03T19:27:36.901Z", "updated_at": "2018-12-03T19:27:36.901Z"}}, {"model": "Anime.anime", "pk": 8, "fields": {"title": "Uchi no Maid ga Uzasugiru!", "created_at": "2018-12-03T19:33:28.935Z", "updated_at": "2018-12-03T19:39:45.827Z"}}, {"model": "Anime.genre", "pk": 1, "fields": {"title": "Action", "thumbnail": "Action.png", "created_at": "2018-12-03T18:34:03.002Z", "updated_at": "2018-12-03T18:34:03.002Z"}}, {"model": "Anime.genre", "pk": 2, "fields": {"title": "Adventure", "thumbnail": "Adventure.png", "created_at": "2018-12-03T18:34:14.084Z", "updated_at": "2018-12-03T18:34:14.084Z"}}, {"model": "Anime.genre", "pk": 3, "fields": {"title": "Comedy", "thumbnail": "Comedy.png", "created_at": "2018-12-03T18:34:25.539Z", "updated_at": "2018-12-03T18:34:25.539Z"}}, {"model": "Anime.genre", "pk": 4, "fields": {"title": "DailyLife", "thumbnail": "DailyLife.png", "created_at": "2018-12-03T18:34:41.256Z", "updated_at": "2018-12-03T18:34:41.256Z"}}, {"model": "Anime.genre", "pk": 5, "fields": {"title": "Fantasy", "thumbnail": "Fantasy.png", "created_at": "2018-12-03T18:34:52.511Z", "updated_at": "2018-12-03T18:34:52.511Z"}}, {"model": "Anime.genre", "pk": 6, "fields": {"title": "Romance", "thumbnail": "Romance.png", "created_at": "2018-12-03T18:35:18.170Z", "updated_at": "2018-12-03T18:35:18.171Z"}}, {"model": "Anime.genre", "pk": 7, "fields": {"title": "SciFi", "thumbnail": "ScienceFiction.png", "created_at": "2018-12-03T18:35:28.966Z", "updated_at": "2018-12-03T20:39:54.785Z"}}, {"model": "Anime.genre", "pk": 8, "fields": {"title": "Sports", "thumbnail": "Sports.png", "created_at": "2018-12-03T18:35:39.731Z", "updated_at": "2018-12-03T18:35:39.731Z"}}, {"model": "Anime.animegenre", "pk": 1, "fields": {"anime_id": 1, "genre_id": 1, "created_at": "2018-12-03T18:37:57.523Z", "updated_at": "2018-12-03T18:37:57.523Z"}}, {"model": "Anime.animegenre", "pk": 2, "fields": {"anime_id": 1, "genre_id": 3, "created_at": "2018-12-03T18:37:57.524Z", "updated_at": "2018-12-03T18:37:57.524Z"}}, {"model": "Anime.animegenre", "pk": 3, "fields": {"anime_id": 1, "genre_id": 7, "created_at": "2018-12-03T18:37:57.525Z", "updated_at": "2018-12-03T18:37:57.525Z"}}, {"model": "Anime.animegenre", "pk": 4, "fields": {"anime_id": 2, "genre_id": 1, "created_at": "2018-12-03T19:01:35.988Z", "updated_at": "2018-12-03T19:01:35.988Z"}}, {"model": "Anime.animegenre", "pk": 5, "fields": {"anime_id": 2, "genre_id": 2, "created_at": "2018-12-03T19:01:35.998Z", "updated_at": "2018-12-03T19:01:35.998Z"}}, {"model": "Anime.animegenre", "pk": 6, "fields": {"anime_id": 2, "genre_id": 7, "created_at": "2018-12-03T19:01:36.006Z", "updated_at": "2018-12-03T19:01:36.006Z"}}, {"model": "Anime.animegenre", "pk": 7, "fields": {"anime_id": 2, "genre_id": 5, "created_at": "2018-12-03T19:01:36.007Z", "updated_at": "2018-12-03T19:01:36.007Z"}}, {"model": "Anime.animegenre", "pk": 8, "fields": {"anime_id": 3, "genre_id": 7, "created_at": "2018-12-03T19:23:04.563Z", "updated_at": "2018-12-03T19:23:04.563Z"}}, {"model": "Anime.animegenre", "pk": 9, "fields": {"anime_id": 4, "genre_id": 1, "created_at": "2018-12-03T19:27:36.902Z", "updated_at": "2018-12-03T19:27:36.902Z"}}, {"model": "Anime.animegenre", "pk": 10, "fields": {"anime_id": 4, "genre_id": 3, "created_at": "2018-12-03T19:27:36.907Z", "updated_at": "2018-12-03T19:27:36.907Z"}}, {"model": "Anime.animegenre", "pk": 11, "fields": {"anime_id": 4, "genre_id": 6, "created_at": "2018-12-03T19:27:36.908Z", "updated_at": "2018-12-03T19:27:36.908Z"}}, {"model": "Anime.animegenre", "pk": 15, "fields": {"anime_id": 8, "genre_id": 3, "created_at": "2018-12-03T19:33:28.937Z", "updated_at": "2018-12-03T19:33:28.937Z"}}, {"model": "Anime.animedescription", "pk": 1, "fields": {"anime_id": 1, "language_id": 1, "description": "The appearance of \"quirks,\" newly discovered super powers, has been steadily increasing over the years, with 80 percent of humanity possessing various abilities from manipulation of elements to shapeshifting. This leaves the remainder of the world completely powerless, and Izuku Midoriya is one such individual.\r\n \r\n Since he was a child, the ambitious middle schooler has wanted nothing more than to be a hero. Izuku's unfair fate leaves him admiring heroes and taking notes on them whenever he can. But it seems that his persistence has borne some fruit: Izuku meets the number one hero and his personal idol, All Might. All Might's quirk is a unique ability that can be inherited, and he has chosen Izuku to be his successor!\r\n \r\n Enduring many months of grueling training, Izuku enrolls in U.A. High, a prestigious high school famous for its excellent hero training program, and this year's freshmen look especially promising. With his bizarre but talented classmates and the looming threat of a villainous organization, Izuku will soon learn what it really means to be a hero.\r\n \r\n (Source: MAL)", "created_at": "2018-12-03T18:37:57.530Z", "updated_at": "2018-12-03T18:37:57.530Z"}}, {"model": "Anime.animedescription", "pk": 2, "fields": {"anime_id": 2, "language_id": 1, "description": "Ken Kaneki has finally come to accept the monstrous, flesh-craving part of himself that he has feared and despised for so long. After escaping captivity and torture, Kaneki joins Aogiri Tree\u2014the very militant ghoul organization that had abducted him, leading his friends to question his true motive and loyalty.\r\n\r\nAs tension between the government and the ghouls continues to rise, the Commission of Counter Ghoul, the government's specialized anti-ghoul agency, has intensified their efforts to completely purge Tokyo of ghouls. This threatens the transient peace of Kaneki's friends and former comrades\u2014the ghouls at the Anteiku coffee shop. Aware of the dangerous situation, Kaneki faces several battles that puts his precious fleeting humanity on the line.\r\n\r\n[Written by MAL Rewrite]", "created_at": "2018-12-03T19:01:36.007Z", "updated_at": "2018-12-03T19:01:36.007Z"}}, {"model": "Anime.animedescription", "pk": 3, "fields": {"anime_id": 3, "language_id": 1, "description": "The self-proclaimed mad scientist Rintarou Okabe rents out a room in a rickety old building in Akihabara, where he indulges himself in his hobby of inventing prospective \"future gadgets\" with fellow lab members: Mayuri Shiina, his air-headed childhood friend, and Hashida Itaru, a perverted hacker nicknamed \"Daru.\" The three pass the time by tinkering with their most promising contraption yet, a machine dubbed the \"Phone Microwave,\" which performs the strange function of morphing bananas into piles of green gel.\r\n\r\nThough miraculous in itself, the phenomenon doesn't provide anything concrete in Okabe's search for a scientific breakthrough; that is, until the lab members are spurred into action by a string of mysterious happenings before stumbling upon an unexpected success\u2014the Phone Microwave can send emails to the past, altering the flow of history.\r\n\r\nAdapted from the critically acclaimed visual novel by 5pb. and Nitroplus, Steins;Gate takes Okabe through the depths of scientific theory and practicality. Forced across the diverging threads of past and present, Okabe must shoulder the burdens that come with holding the key to the realm of time.\r\n\r\n[Written by MAL Rewrite]", "created_at": "2018-12-03T19:23:04.564Z", "updated_at": "2018-12-03T19:23:04.564Z"}}, {"model": "Anime.animedescription", "pk": 4, "fields": {"anime_id": 4, "language_id": 1, "description": "The story takes place at Dahlia Academy Boarding School where students come from two rivaling countries known as the \"Black Dogs\" and \"White Cats.\" Persia and Inuzuka are leaders of their respective dorms, but they are secretly in love with each other. Now, they must keep their relationship a secret from other dorm mates while trying to avoid trouble.\r\n\r\n(Source: MAL News)", "created_at": "2018-12-03T19:27:36.909Z", "updated_at": "2018-12-03T19:27:36.909Z"}}, {"model": "Anime.animedescription", "pk": 5, "fields": {"anime_id": 8, "language_id": 1, "description": "Having lost her mother at a young age, Misha Takanashi, a second grader with Russian blood, now lives with her Japanese father. Tsubame Kamoi, formerly a defense Force officer, comes to the Takanashi household as a housekeeper. This is a home comedy where Kamoi, a hardcore lolicon, attempts to get near Misha as she tries to fight against her.", "created_at": "2018-12-03T19:33:28.942Z", "updated_at": "2018-12-03T19:39:45.828Z"}}, {"model": "Anime.season", "pk": 1, "fields": {"anime_id": 1, "seasonOrder": 3, "title": "Boku no hero Academia", "startedAiring": "2018-12-03T18:37:53Z", "stoppedAiring": null, "poster": "2816cZ61ri6x.jpg", "background": "28163fr0Ltd5.jpg", "created_at": "2018-12-03T18:37:57.531Z", "updated_at": "2018-12-03T18:39:01.070Z"}}, {"model": "Anime.season", "pk": 2, "fields": {"anime_id": 2, "seasonOrder": 1, "title": "Tokyo Ghoul", "startedAiring": "2018-12-03T19:01:30Z", "stoppedAiring": null, "poster": "986PGfcbr4n.jpg", "background": "986PCtUNGw8.jpg", "created_at": "2018-12-03T19:01:36.009Z", "updated_at": "2018-12-03T19:07:02.245Z"}}, {"model": "Anime.season", "pk": 3, "fields": {"anime_id": 2, "seasonOrder": 2, "title": "Tokyo Ghoul:re", "startedAiring": "2018-12-03T19:09:56Z", "stoppedAiring": null, "poster": "2817pj1MuDOE.jpg", "background": "986PCtUNGw8.jpg", "created_at": "2018-12-03T19:11:01.847Z", "updated_at": "2018-12-03T19:11:01.847Z"}}, {"model": "Anime.season", "pk": 4, "fields": {"anime_id": 3, "seasonOrder": 1, "title": "Steins;Gate", "startedAiring": "2018-12-03T19:22:46Z", "stoppedAiring": null, "poster": "231a16Y7xZO.jpg", "background": "231flmcHRlU.jpg", "created_at": "2018-12-03T19:23:04.565Z", "updated_at": "2018-12-03T19:23:04.565Z"}}, {"model": "Anime.season", "pk": 5, "fields": {"anime_id": 4, "seasonOrder": 1, "title": "Kishuku Gakkou no Juliet", "startedAiring": "2018-12-03T19:27:01Z", "stoppedAiring": null, "poster": "2994RkKiOls0.jpg", "background": "2994ewSrqOGC.jpg", "created_at": "2018-12-03T19:27:36.910Z", "updated_at": "2018-12-03T19:27:36.910Z"}}, {"model": "Anime.season", "pk": 6, "fields": {"anime_id": 8, "seasonOrder": 1, "title": "Uchi no Maid ga Uzasugiru!", "startedAiring": "2018-12-03T19:33:09Z", "stoppedAiring": null, "poster": "3005ggLoWr2l.jpg", "background": "3005SOJ7YWae.jpg", "created_at": "2018-12-03T19:33:28.944Z", "updated_at": "2018-12-03T19:33:28.944Z"}}, {"model": "Anime.episode", "pk": 1, "fields": {"episodeOrder": 1, "thumbnail": "453531xByVYfZ.jpg", "season_id": 1, "created_at": "2018-12-03T18:50:54.530Z", "updated_at": "2018-12-03T18:54:12.575Z"}}, {"model": "Anime.episode", "pk": 2, "fields": {"episodeOrder": 2, "thumbnail": "45442dIH1pH83.jpg", "season_id": 1, "created_at": "2018-12-03T18:56:09.998Z", "updated_at": "2018-12-03T18:56:09.998Z"}}, {"model": "Anime.episode", "pk": 3, "fields": {"episodeOrder": 3, "thumbnail": "45516luzmeknM.jpg", "season_id": 1, "created_at": "2018-12-03T18:57:57.907Z", "updated_at": "2018-12-03T18:57:57.907Z"}}, {"model": "Anime.episode", "pk": 4, "fields": {"episodeOrder": 1, "thumbnail": "20600jb45SVdb.jpg", "season_id": 2, "created_at": "2018-12-03T19:08:45.566Z", "updated_at": "2018-12-03T19:08:45.566Z"}}, {"model": "Anime.episode", "pk": 5, "fields": {"episodeOrder": 1, "thumbnail": "231a16Y7.jpg", "season_id": 3, "created_at": "2018-12-03T19:12:07.964Z", "updated_at": "2018-12-03T19:18:53.286Z"}}, {"model": "Anime.episode", "pk": 6, "fields": {"episodeOrder": 2, "thumbnail": "45300rZwOT8RE.jpg", "season_id": 3, "created_at": "2018-12-03T19:20:34.468Z", "updated_at": "2018-12-03T19:20:34.468Z"}}, {"model": "Anime.episode", "pk": 7, "fields": {"episodeOrder": 1, "thumbnail": "49261cEN1Z5m.jpg", "season_id": 4, "created_at": "2018-12-03T19:24:13.917Z", "updated_at": "2018-12-03T19:24:48.449Z"}}, {"model": "Anime.episode", "pk": 8, "fields": {"episodeOrder": 1, "thumbnail": "48645chmTMsB0.jpg", "season_id": 5, "created_at": "2018-12-03T19:28:38.406Z", "updated_at": "2018-12-03T19:28:38.406Z"}}, {"model": "Anime.episode", "pk": 9, "fields": {"episodeOrder": 1, "thumbnail": "484325OVYP3qc.jpg", "season_id": 6, "created_at": "2018-12-03T19:42:17.593Z", "updated_at": "2018-12-03T19:42:17.593Z"}}, {"model": "Anime.episodeversion", "pk": 1, "fields": {"episode_url": "FQ4FXVX3X5", "episode_id": 1, "language_id": 1, "title": "My Hero", "created_at": "2018-12-03T18:54:00.459Z", "updated_at": "2018-12-03T18:54:12.577Z"}}, {"model": "Anime.episodeversion", "pk": 2, "fields": {"episode_url": "FQ4FXVX3P5", "episode_id": 2, "language_id": 1, "title": "Wild pussycats", "created_at": "2018-12-03T18:56:10.001Z", "updated_at": "2018-12-03T18:56:10.001Z"}}, {"model": "Anime.episodeversion", "pk": 3, "fields": {"episode_url": "FQ4FXVX3O5", "episode_id": 3, "language_id": 1, "title": "Kota", "created_at": "2018-12-03T18:57:57.908Z", "updated_at": "2018-12-03T18:57:57.908Z"}}, {"model": "Anime.episodeversion", "pk": 4, "fields": {"episode_url": "FQ4FXVX3F4", "episode_id": 4, "language_id": 1, "title": "innocence", "created_at": "2018-12-03T19:08:45.567Z", "updated_at": "2018-12-03T19:08:45.567Z"}}, {"model": "Anime.episodeversion", "pk": 5, "fields": {"episode_url": "FQ4FXLLO2", "episode_id": 5, "language_id": 1, "title": "Sacrifice", "created_at": "2018-12-03T19:12:07.965Z", "updated_at": "2018-12-03T19:12:07.965Z"}}, {"model": "Anime.episodeversion", "pk": 6, "fields": {"episode_url": "FQ4FXLLO2L1", "episode_id": 6, "language_id": 1, "title": "Temptation", "created_at": "2018-12-03T19:20:34.470Z", "updated_at": "2018-12-03T19:20:34.470Z"}}, {"model": "Anime.episodeversion", "pk": 7, "fields": {"episode_url": "FQ4FXVX3E8", "episode_id": 7, "language_id": 1, "title": "The beginning", "created_at": "2018-12-03T19:24:13.918Z", "updated_at": "2018-12-03T19:24:13.918Z"}}, {"model": "Anime.episodeversion", "pk": 8, "fields": {"episode_url": "FQ4FXVX3J2", "episode_id": 8, "language_id": 1, "title": "Fated encounter", "created_at": "2018-12-03T19:28:38.408Z", "updated_at": "2018-12-03T19:28:38.408Z"}}, {"model": "Anime.episodeversion", "pk": 9, "fields": {"episode_url": "FQ4FXVX3M2", "episode_id": 9, "language_id": 1, "title": "Worst day ever", "created_at": "2018-12-03T19:42:17.594Z", "updated_at": "2018-12-03T19:42:17.594Z"}}]