[{"model": "Anime.language", "pk": 1, "fields": {"name": "English", "iso_code": "en", "created_at": "2018-12-03T18:37:00.484Z", "updated_at": "2018-12-03T18:37:00.484Z"}}, {"model": "Anime.language", "pk": 2, "fields": {"name": "Spanish", "iso_code": "es", "created_at": "2018-12-03T18:37:06.831Z", "updated_at": "2018-12-03T18:37:06.831Z"}}, {"model": "Anime.anime", "pk": 1, "fields": {"title": "Boku no Hero Academia", "created_at": "2018-12-03T18:37:57.522Z", "updated_at": "2018-12-03T18:39:01.068Z"}}, {"model": "Anime.anime", "pk": 2, "fields": {"title": "Tokyo Ghoul", "created_at": "2018-12-03T19:01:35.987Z", "updated_at": "2018-12-03T19:07:02.243Z"}}, {"model": "Anime.anime", "pk": 3, "fields": {"title": "Steins;Gate", "created_at": "2018-12-03T19:23:04.562Z", "updated_at": "2018-12-03T19:23:04.562Z"}}, {"model": "Anime.anime", "pk": 4, "fields": {"title": "Kishuku Gakkou no Juliet", "created_at": "2018-12-03T19:27:36.901Z", "updated_at": "2018-12-03T19:27:36.901Z"}}, {"model": "Anime.anime", "pk": 8, "fields": {"title": "Uchi no Maid ga Uzasugiru!", "created_at": "2018-12-03T19:33:28.935Z", "updated_at": "2018-12-03T19:39:45.827Z"}}, {"model": "Anime.anime", "pk": 9, "fields": {"title": "Goblin Slayer", "created_at": "2018-12-12T14:10:10.773Z", "updated_at": "2018-12-12T14:10:10.774Z"}}, {"model": "Anime.genre", "pk": 1, "fields": {"title": "Action", "thumbnail": "Action.png", "created_at": "2018-12-03T18:34:03.002Z", "updated_at": "2018-12-03T18:34:03.002Z"}}, {"model": "Anime.genre", "pk": 2, "fields": {"title": "Adventure", "thumbnail": "Adventure.png", "created_at": "2018-12-03T18:34:14.084Z", "updated_at": "2018-12-03T18:34:14.084Z"}}, {"model": "Anime.genre", "pk": 3, "fields": {"title": "Comedy", "thumbnail": "Comedy.png", "created_at": "2018-12-03T18:34:25.539Z", "updated_at": "2018-12-03T18:34:25.539Z"}}, {"model": "Anime.genre", "pk": 4, "fields": {"title": "DailyLife", "thumbnail": "DailyLife.png", "created_at": "2018-12-03T18:34:41.256Z", "updated_at": "2018-12-03T18:34:41.256Z"}}, {"model": "Anime.genre", "pk": 5, "fields": {"title": "Fantasy", "thumbnail": "Fantasy.png", "created_at": "2018-12-03T18:34:52.511Z", "updated_at": "2018-12-03T18:34:52.511Z"}}, {"model": "Anime.genre", "pk": 6, "fields": {"title": "Romance", "thumbnail": "Romance.png", "created_at": "2018-12-03T18:35:18.170Z", "updated_at": "2018-12-03T18:35:18.171Z"}}, {"model": "Anime.genre", "pk": 7, "fields": {"title": "SciFi", "thumbnail": "ScienceFiction.png", "created_at": "2018-12-03T18:35:28.966Z", "updated_at": "2018-12-03T20:39:54.785Z"}}, {"model": "Anime.genre", "pk": 8, "fields": {"title": "Sports", "thumbnail": "Sports.png", "created_at": "2018-12-03T18:35:39.731Z", "updated_at": "2018-12-03T18:35:39.731Z"}}, {"model": "Anime.animegenre", "pk": 1, "fields": {"anime_id": 1, "genre_id": 1, "created_at": "2018-12-03T18:37:57.523Z", "updated_at": "2018-12-03T18:37:57.523Z"}}, {"model": "Anime.animegenre", "pk": 2, "fields": {"anime_id": 1, "genre_id": 3, "created_at": "2018-12-03T18:37:57.524Z", "updated_at": "2018-12-03T18:37:57.524Z"}}, {"model": "Anime.animegenre", "pk": 3, "fields": {"anime_id": 1, "genre_id": 7, "created_at": "2018-12-03T18:37:57.525Z", "updated_at": "2018-12-03T18:37:57.525Z"}}, {"model": "Anime.animegenre", "pk": 4, "fields": {"anime_id": 2, "genre_id": 1, "created_at": "2018-12-03T19:01:35.988Z", "updated_at": "2018-12-03T19:01:35.988Z"}}, {"model": "Anime.animegenre", "pk": 5, "fields": {"anime_id": 2, "genre_id": 2, "created_at": "2018-12-03T19:01:35.998Z", "updated_at": "2018-12-03T19:01:35.998Z"}}, {"model": "Anime.animegenre", "pk": 6, "fields": {"anime_id": 2, "genre_id": 7, "created_at": "2018-12-03T19:01:36.006Z", "updated_at": "2018-12-03T19:01:36.006Z"}}, {"model": "Anime.animegenre", "pk": 7, "fields": {"anime_id": 2, "genre_id": 5, "created_at": "2018-12-03T19:01:36.007Z", "updated_at": "2018-12-03T19:01:36.007Z"}}, {"model": "Anime.animegenre", "pk": 8, "fields": {"anime_id": 3, "genre_id": 7, "created_at": "2018-12-03T19:23:04.563Z", "updated_at": "2018-12-03T19:23:04.563Z"}}, {"model": "Anime.animegenre", "pk": 9, "fields": {"anime_id": 4, "genre_id": 1, "created_at": "2018-12-03T19:27:36.902Z", "updated_at": "2018-12-03T19:27:36.902Z"}}, {"model": "Anime.animegenre", "pk": 10, "fields": {"anime_id": 4, "genre_id": 3, "created_at": "2018-12-03T19:27:36.907Z", "updated_at": "2018-12-03T19:27:36.907Z"}}, {"model": "Anime.animegenre", "pk": 11, "fields": {"anime_id": 4, "genre_id": 6, "created_at": "2018-12-03T19:27:36.908Z", "updated_at": "2018-12-03T19:27:36.908Z"}}, {"model": "Anime.animegenre", "pk": 15, "fields": {"anime_id": 8, "genre_id": 3, "created_at": "2018-12-03T19:33:28.937Z", "updated_at": "2018-12-03T19:33:28.937Z"}}, {"model": "Anime.animegenre", "pk": 16, "fields": {"anime_id": 9, "genre_id": 1, "created_at": "2018-12-12T14:10:10.775Z", "updated_at": "2018-12-12T14:10:10.775Z"}}, {"model": "Anime.animegenre", "pk": 17, "fields": {"anime_id": 9, "genre_id": 2, "created_at": "2018-12-12T14:10:10.777Z", "updated_at": "2018-12-12T14:10:10.777Z"}}, {"model": "Anime.animegenre", "pk": 18, "fields": {"anime_id": 9, "genre_id": 5, "created_at": "2018-12-12T14:10:10.778Z", "updated_at": "2018-12-12T14:10:10.779Z"}}, {"model": "Anime.season", "pk": 1, "fields": {"anime_id": 1, "seasonOrder": 3, "title": "Boku no hero Academia", "startedAiring": "2018-12-03T18:37:53Z", "stoppedAiring": null, "poster": "2816cZ61ri6x.jpg", "background": "28163fr0Ltd5.jpg", "created_at": "2018-12-03T18:37:57.531Z", "updated_at": "2018-12-24T21:22:58.230Z"}}, {"model": "Anime.season", "pk": 2, "fields": {"anime_id": 2, "seasonOrder": 1, "title": "Tokyo Ghoul", "startedAiring": "2018-12-03T19:01:30Z", "stoppedAiring": null, "poster": "986PGfcbr4n.jpg", "background": "11iuR48P7U.jpg", "created_at": "2018-12-03T19:01:36.009Z", "updated_at": "2018-12-24T21:13:00.163Z"}}, {"model": "Anime.season", "pk": 3, "fields": {"anime_id": 2, "seasonOrder": 2, "title": "Tokyo Ghoul:re", "startedAiring": "2018-10-09T23:00:00Z", "stoppedAiring": null, "poster": "2817pj1MuDOE.jpg", "background": "986PCtUNGw8.jpg", "created_at": "2018-12-03T19:11:01.847Z", "updated_at": "2018-12-24T21:14:47.994Z"}}, {"model": "Anime.season", "pk": 4, "fields": {"anime_id": 3, "seasonOrder": 1, "title": "Steins;Gate", "startedAiring": "2018-12-03T19:22:46Z", "stoppedAiring": null, "poster": "231a16Y7xZO.jpg", "background": "231flmcHRlU.jpg", "created_at": "2018-12-03T19:23:04.565Z", "updated_at": "2018-12-24T21:22:01.609Z"}}, {"model": "Anime.season", "pk": 5, "fields": {"anime_id": 4, "seasonOrder": 1, "title": "Kishuku Gakkou no Juliet", "startedAiring": "2018-10-06T01:25:00Z", "stoppedAiring": null, "poster": "2994RkKiOls0.jpg", "background": "2994ewSrqOGC.jpg", "created_at": "2018-12-03T19:27:36.910Z", "updated_at": "2018-12-24T21:22:29.676Z"}}, {"model": "Anime.season", "pk": 6, "fields": {"anime_id": 8, "seasonOrder": 1, "title": "Uchi no Maid ga Uzasugiru!", "startedAiring": "2018-10-05T23:00:00Z", "stoppedAiring": null, "poster": "3005ggLoWr2l.jpg", "background": "3005SOJ7YWae.jpg", "created_at": "2018-12-03T19:33:28.944Z", "updated_at": "2018-12-24T21:23:23.844Z"}}, {"model": "Anime.season", "pk": 7, "fields": {"anime_id": 9, "seasonOrder": 1, "title": "Goblin Slayer", "startedAiring": "2018-10-06T15:30:00Z", "stoppedAiring": null, "poster": "2989pxn2dM8d.jpg", "background": "2989pxGAvzve.jpg", "created_at": "2018-12-12T14:10:10.788Z", "updated_at": "2018-12-24T21:10:20.267Z"}}, {"model": "Anime.seasondescription", "pk": 1, "fields": {"season_id": 7, "language_id": 1, "description": "\"I'm not saving the world. I just kill goblins.\" Rumor has it that, in a certain guild in the middle of nowhere, there is an extraordinary man who has climbed all the way to the Silver rank just by killing goblins. At the same guild, a priestess who's just become a new adventurer has formed her first party... and the man who ends up rescuing that party when they get into trouble is none other than the Goblin Slayer.\r\n \r\n (Source: Crunchyroll)", "created_at": "2018-12-24T21:10:20.268Z", "updated_at": "2018-12-24T21:10:20.268Z"}}, {"model": "Anime.seasondescription", "pk": 2, "fields": {"season_id": 2, "language_id": 1, "description": "Tokyo has become a cruel and merciless city\u2014a place where vicious creatures called \u201cghouls\u201d exist alongside humans. The citizens of this once great metropolis live in constant fear of these bloodthirsty savages and their thirst for human flesh. However, the greatest threat these ghouls pose is their dangerous ability to masquerade as humans and blend in with society.\r\n Based on the best-selling supernatural horror manga by Sui Ishida, Tokyo Ghoul follows Ken Kaneki, a shy, bookish college student, who is instantly drawn to Rize Kamishiro, an avid reader like himself. However, Rize", "created_at": "2018-12-24T21:11:31.207Z", "updated_at": "2018-12-24T21:11:31.207Z"}}, {"model": "Anime.seasondescription", "pk": 3, "fields": {"season_id": 3, "language_id": 1, "description": "In Tokyo Ghoul \u221aA, monsters live among humans, looking like them while craving their flesh. That is the world Ken Kaneki has struggled to navigate ever since a first date went horrifically awry and transformed him into a half-human, half-ghoul. For months, he has fought against his new cannibalistic hunger and violent tendencies. But after being captured and tortured by a sadistic ghoul, Kaneki has accepted his darker half as his only means for survival.\r\n His choice could not be more timely. Tokyo has become a battleground between humans and ghouls. The CCG, a government agency created to deal with the perceived ghoul threat, has ramped up its efforts to eradicate the inhuman monsters. In response, the terrorist ghoul organization, Aogiri Tree, has made destroying the CCG its priority. And throughout it all, the ghouls who frequent the coffee shop Anteiku merely want to live a peaceful life. But Kaneki, who worked at Anteiku while he attempted to reconcile his human and ghoul halves, makes a shocking decision: he joins Aogiri Tree. Even as his choice sends shockwaves through his newfound friends, many more questions are raised. What is Aogiri Tree's true purpose? Will the CCG triumph over the ghouls? And has Kaneki truly betrayed his friends and everything that Anteiku stands for?", "created_at": "2018-12-24T21:14:47.995Z", "updated_at": "2018-12-24T21:14:47.995Z"}}, {"model": "Anime.seasondescription", "pk": 4, "fields": {"season_id": 4, "language_id": 1, "description": "The self-proclaimed mad scientist Rintarou Okabe rents out a room in a rickety old building in Akihabara, where he indulges himself in his hobby of inventing prospective \"future gadgets\" with fellow lab members: Mayuri Shiina, his air-headed childhood friend, and Hashida Itaru, a perverted hacker nicknamed \"Daru.\" The three pass the time by tinkering with their most promising contraption yet, a machine dubbed the \"Phone Microwave,\" which performs the strange function of morphing bananas into piles of green gel.\r\n \r\n Though miraculous in itself, the phenomenon doesn't provide anything concrete in Okabe's search for a scientific breakthrough; that is, until the lab members are spurred into action by a string of mysterious happenings before stumbling upon an unexpected success\u2014the Phone Microwave can send emails to the past, altering the flow of history.\r\n \r\n Adapted from the critically acclaimed visual novel by 5pb. and Nitroplus, Steins;Gate takes Okabe through the depths of scientific theory and practicality. Forced across the diverging threads of past and present, Okabe must shoulder the burdens that come with holding the key to the realm of time.\r\n \r\n (Source: MAL Rewrite)", "created_at": "2018-12-24T21:22:01.610Z", "updated_at": "2018-12-24T21:22:01.610Z"}}, {"model": "Anime.seasondescription", "pk": 5, "fields": {"season_id": 5, "language_id": 1, "description": "At Dahlia Academy, a prestigious boarding school on a remote island, students from two feuding countries battle each other every day. However, Romio Inuzuka, the leader of the Touwa dorm, and Juliet Persia, the leader of the West dorm, start a secret relationship!\r\n \r\n (Source: Prime Video)", "created_at": "2018-12-24T21:22:29.677Z", "updated_at": "2018-12-24T21:22:29.677Z"}}, {"model": "Anime.seasondescription", "pk": 6, "fields": {"season_id": 1, "language_id": 1, "description": "Third season of Boku no Hero Academia.", "created_at": "2018-12-24T21:22:58.231Z", "updated_at": "2018-12-24T21:22:58.231Z"}}, {"model": "Anime.seasondescription", "pk": 7, "fields": {"season_id": 6, "language_id": 1, "description": "Misha is an elementary school girl who lives with her father, having lost her mother at a young age. A new maid has joined their household, and on top of being an unusually muscular woman, she also has an excessive love for young girls! Thus the not-so-heartwarming comedy starring a pervy maid versus a half-Russian schoolgirl begins!\r\n \r\n (Source: Crunchyroll)", "created_at": "2018-12-24T21:23:23.845Z", "updated_at": "2018-12-24T21:23:23.845Z"}}, {"model": "Anime.episode", "pk": 1, "fields": {"episodeOrder": 1, "thumbnail": "453531xByVYfZ.jpg", "season_id": 1, "created_at": "2018-12-03T18:50:54.530Z", "updated_at": "2018-12-03T18:54:12.575Z"}}, {"model": "Anime.episode", "pk": 2, "fields": {"episodeOrder": 2, "thumbnail": "45442dIH1pH83.jpg", "season_id": 1, "created_at": "2018-12-03T18:56:09.998Z", "updated_at": "2018-12-03T18:56:09.998Z"}}, {"model": "Anime.episode", "pk": 3, "fields": {"episodeOrder": 3, "thumbnail": "45516luzmeknM.jpg", "season_id": 1, "created_at": "2018-12-03T18:57:57.907Z", "updated_at": "2018-12-03T18:57:57.907Z"}}, {"model": "Anime.episode", "pk": 4, "fields": {"episodeOrder": 1, "thumbnail": "20600jb45SVdb.jpg", "season_id": 2, "created_at": "2018-12-03T19:08:45.566Z", "updated_at": "2018-12-03T19:08:45.566Z"}}, {"model": "Anime.episode", "pk": 5, "fields": {"episodeOrder": 1, "thumbnail": "231a16Y7.jpg", "season_id": 3, "created_at": "2018-12-03T19:12:07.964Z", "updated_at": "2018-12-03T19:18:53.286Z"}}, {"model": "Anime.episode", "pk": 6, "fields": {"episodeOrder": 2, "thumbnail": "45300rZwOT8RE.jpg", "season_id": 3, "created_at": "2018-12-03T19:20:34.468Z", "updated_at": "2018-12-03T19:20:34.468Z"}}, {"model": "Anime.episode", "pk": 7, "fields": {"episodeOrder": 1, "thumbnail": "49261cEN1Z5m.jpg", "season_id": 4, "created_at": "2018-12-03T19:24:13.917Z", "updated_at": "2018-12-03T19:24:48.449Z"}}, {"model": "Anime.episode", "pk": 8, "fields": {"episodeOrder": 1, "thumbnail": "48645chmTMsB0.jpg", "season_id": 5, "created_at": "2018-12-03T19:28:38.406Z", "updated_at": "2018-12-03T19:28:38.406Z"}}, {"model": "Anime.episode", "pk": 9, "fields": {"episodeOrder": 1, "thumbnail": "484325OVYP3qc.jpg", "season_id": 6, "created_at": "2018-12-03T19:42:17.593Z", "updated_at": "2018-12-03T19:42:17.593Z"}}, {"model": "Anime.episode", "pk": 10, "fields": {"episodeOrder": 1, "thumbnail": "484420BGWb73G.jpg", "season_id": 7, "created_at": "2018-12-12T14:43:17.276Z", "updated_at": "2018-12-12T14:43:17.276Z"}}, {"model": "Anime.episode", "pk": 11, "fields": {"episodeOrder": 2, "thumbnail": "48522LHyvEvS0.jpg", "season_id": 7, "created_at": "2018-12-12T14:53:26.443Z", "updated_at": "2018-12-12T14:53:26.444Z"}}, {"model": "Anime.episode", "pk": 12, "fields": {"episodeOrder": 3, "thumbnail": "48591coiTxODZ.jpg", "season_id": 7, "created_at": "2018-12-12T14:54:39.110Z", "updated_at": "2018-12-12T14:54:39.110Z"}}, {"model": "Anime.episode", "pk": 13, "fields": {"episodeOrder": 4, "thumbnail": "48655Ju2A3zqp.jpg", "season_id": 7, "created_at": "2018-12-12T14:55:52.001Z", "updated_at": "2018-12-12T14:55:52.001Z"}}, {"model": "Anime.episode", "pk": 14, "fields": {"episodeOrder": 5, "thumbnail": "487207STqxnFT.jpg", "season_id": 7, "created_at": "2018-12-12T18:07:52.460Z", "updated_at": "2018-12-12T18:07:52.461Z"}}, {"model": "Anime.episode", "pk": 15, "fields": {"episodeOrder": 6, "thumbnail": "48781el1mcnSj.jpg", "season_id": 7, "created_at": "2018-12-12T18:09:35.505Z", "updated_at": "2018-12-12T18:09:35.505Z"}}, {"model": "Anime.episode", "pk": 16, "fields": {"episodeOrder": 7, "thumbnail": "48845nRvtMo7d.jpg", "season_id": 7, "created_at": "2018-12-12T18:11:48.998Z", "updated_at": "2018-12-12T18:11:48.998Z"}}, {"model": "Anime.episode", "pk": 17, "fields": {"episodeOrder": 8, "thumbnail": "48934dxZYxgMf.jpg", "season_id": 7, "created_at": "2018-12-12T18:13:56.166Z", "updated_at": "2018-12-12T18:13:56.166Z"}}, {"model": "Anime.episode", "pk": 18, "fields": {"episodeOrder": 9, "thumbnail": "49147Wc6Ljxad.jpg", "season_id": 7, "created_at": "2018-12-12T18:16:04.756Z", "updated_at": "2018-12-12T18:16:04.756Z"}}, {"model": "Anime.episode", "pk": 19, "fields": {"episodeOrder": 10, "thumbnail": "4921889jio3jw.jpg", "season_id": 7, "created_at": "2018-12-12T18:17:47.490Z", "updated_at": "2018-12-12T18:17:47.490Z"}}, {"model": "Anime.episode", "pk": 20, "fields": {"episodeOrder": 11, "thumbnail": "493335yxbtYJn.jpg", "season_id": 7, "created_at": "2018-12-24T13:32:25.967Z", "updated_at": "2018-12-24T14:44:20.885Z"}}, {"model": "Anime.episodeversion", "pk": 1, "fields": {"episode_url": "FQ4FXVX3X5", "episode_id": 1, "language_id": 1, "title": "My Hero", "created_at": "2018-12-03T18:54:00.459Z", "updated_at": "2018-12-03T18:54:12.577Z"}}, {"model": "Anime.episodeversion", "pk": 2, "fields": {"episode_url": "FQ4FXVX3P5", "episode_id": 2, "language_id": 1, "title": "Wild pussycats", "created_at": "2018-12-03T18:56:10.001Z", "updated_at": "2018-12-03T18:56:10.001Z"}}, {"model": "Anime.episodeversion", "pk": 3, "fields": {"episode_url": "FQ4FXVX3O5", "episode_id": 3, "language_id": 1, "title": "Kota", "created_at": "2018-12-03T18:57:57.908Z", "updated_at": "2018-12-03T18:57:57.908Z"}}, {"model": "Anime.episodeversion", "pk": 4, "fields": {"episode_url": "FQ4FXVX3F4", "episode_id": 4, "language_id": 1, "title": "innocence", "created_at": "2018-12-03T19:08:45.567Z", "updated_at": "2018-12-03T19:08:45.567Z"}}, {"model": "Anime.episodeversion", "pk": 5, "fields": {"episode_url": "FQ4FXLLO2", "episode_id": 5, "language_id": 1, "title": "Sacrifice", "created_at": "2018-12-03T19:12:07.965Z", "updated_at": "2018-12-03T19:12:07.965Z"}}, {"model": "Anime.episodeversion", "pk": 6, "fields": {"episode_url": "FQ4FXLLO2L1", "episode_id": 6, "language_id": 1, "title": "Temptation", "created_at": "2018-12-03T19:20:34.470Z", "updated_at": "2018-12-03T19:20:34.470Z"}}, {"model": "Anime.episodeversion", "pk": 7, "fields": {"episode_url": "FQ4FXVX3E8", "episode_id": 7, "language_id": 1, "title": "The beginning", "created_at": "2018-12-03T19:24:13.918Z", "updated_at": "2018-12-03T19:24:13.918Z"}}, {"model": "Anime.episodeversion", "pk": 8, "fields": {"episode_url": "FQ4FXVX3J2", "episode_id": 8, "language_id": 1, "title": "Fated encounter", "created_at": "2018-12-03T19:28:38.408Z", "updated_at": "2018-12-03T19:28:38.408Z"}}, {"model": "Anime.episodeversion", "pk": 9, "fields": {"episode_url": "FQ4FXVX3M2", "episode_id": 9, "language_id": 1, "title": "Worst day ever", "created_at": "2018-12-03T19:42:17.594Z", "updated_at": "2018-12-03T19:42:17.594Z"}}, {"model": "Anime.episodeversion", "pk": 10, "fields": {"episode_url": "5BB8E82E8B143", "episode_id": 10, "language_id": 2, "title": "The Fate of Particular Adventurers", "created_at": "2018-12-12T14:43:17.279Z", "updated_at": "2018-12-12T14:43:17.279Z"}}, {"model": "Anime.episodeversion", "pk": 11, "fields": {"episode_url": "5BC22EBAB8C1C", "episode_id": 11, "language_id": 2, "title": "Goblin Slayer", "created_at": "2018-12-12T14:53:26.446Z", "updated_at": "2018-12-12T14:53:26.446Z"}}, {"model": "Anime.episodeversion", "pk": 12, "fields": {"episode_url": "5BCB663499065", "episode_id": 12, "language_id": 2, "title": "Unexpected visitors", "created_at": "2018-12-12T14:54:39.121Z", "updated_at": "2018-12-12T14:54:39.122Z"}}, {"model": "Anime.episodeversion", "pk": 13, "fields": {"episode_url": "5BD49E0F9F3F8", "episode_id": 13, "language_id": 2, "title": "The strong", "created_at": "2018-12-12T14:55:52.003Z", "updated_at": "2018-12-12T14:55:52.003Z"}}, {"model": "Anime.episodeversion", "pk": 14, "fields": {"episode_url": "5BDDD83522B17", "episode_id": 14, "language_id": 2, "title": "Adventures and Daily life", "created_at": "2018-12-12T18:07:52.462Z", "updated_at": "2018-12-12T18:07:52.462Z"}}, {"model": "Anime.episodeversion", "pk": 15, "fields": {"episode_url": "5BE7140ACC523", "episode_id": 15, "language_id": 2, "title": "In the Water Town", "created_at": "2018-12-12T18:09:35.512Z", "updated_at": "2018-12-12T18:09:35.512Z"}}, {"model": "Anime.episodeversion", "pk": 16, "fields": {"episode_url": "5BF04D223D423", "episode_id": 16, "language_id": 2, "title": "Onward Onto Death", "created_at": "2018-12-12T18:11:48.999Z", "updated_at": "2018-12-12T18:11:48.999Z"}}, {"model": "Anime.episodeversion", "pk": 17, "fields": {"episode_url": "5BF98992EE879", "episode_id": 17, "language_id": 2, "title": "Whispers, prayers and chants", "created_at": "2018-12-12T18:13:56.171Z", "updated_at": "2018-12-12T18:13:56.171Z"}}, {"model": "Anime.episodeversion", "pk": 18, "fields": {"episode_url": "5C02C24563F77", "episode_id": 18, "language_id": 2, "title": "Back again", "created_at": "2018-12-12T18:16:04.761Z", "updated_at": "2018-12-12T18:16:04.761Z"}}, {"model": "Anime.episodeversion", "pk": 19, "fields": {"episode_url": "5C0BFD6B43E5D", "episode_id": 19, "language_id": 2, "title": "Dozing", "created_at": "2018-12-12T18:17:47.492Z", "updated_at": "2018-12-12T18:17:47.492Z"}}, {"model": "Anime.episodeversion", "pk": 20, "fields": {"episode_url": "5BF9899POE879", "episode_id": 20, "language_id": 1, "title": "A gathering of adventurers", "created_at": "2018-12-24T14:44:20.887Z", "updated_at": "2018-12-24T14:44:20.887Z"}}]