[{"model": "Anime.language", "pk": 1, "fields": {"name": "Spanish", "iso_code": "es", "created_at": "2019-07-12T10:43:49.577Z", "updated_at": "2019-07-12T10:43:49.577Z"}}, {"model": "Anime.language", "pk": 2, "fields": {"name": "English", "iso_code": "en", "created_at": "2019-07-12T10:43:55.345Z", "updated_at": "2019-07-12T10:43:55.345Z"}}, {"model": "Anime.anime", "pk": 1, "fields": {"title": "Goblin Slayer", "created_at": "2019-07-12T10:52:23.082Z", "updated_at": "2019-07-12T10:52:23.082Z"}}, {"model": "Anime.anime", "pk": 2, "fields": {"title": "Uchi no Maid ga Uzasugiru!", "created_at": "2019-07-12T10:54:35.622Z", "updated_at": "2019-07-12T10:54:35.622Z"}}, {"model": "Anime.anime", "pk": 3, "fields": {"title": "Kishuku Gakkou no Juliet", "created_at": "2019-07-12T10:56:31.384Z", "updated_at": "2019-07-12T10:56:31.384Z"}}, {"model": "Anime.anime", "pk": 4, "fields": {"title": "Steins;Gate", "created_at": "2019-07-12T10:59:15.081Z", "updated_at": "2019-07-12T10:59:15.081Z"}}, {"model": "Anime.anime", "pk": 5, "fields": {"title": "Tokyo Ghoul", "created_at": "2019-07-12T11:02:06.614Z", "updated_at": "2019-07-12T11:04:16.042Z"}}, {"model": "Anime.anime", "pk": 6, "fields": {"title": "Boku no Hero Academia", "created_at": "2019-07-12T11:15:36.287Z", "updated_at": "2019-07-12T11:15:36.287Z"}}, {"model": "Anime.genre", "pk": 1, "fields": {"title": "Action", "thumbnail": "Action.png", "created_at": "2019-07-12T10:44:44.614Z", "updated_at": "2019-07-12T10:44:44.614Z"}}, {"model": "Anime.genre", "pk": 2, "fields": {"title": "Adventure", "thumbnail": "Adventure.png", "created_at": "2019-07-12T10:45:08.202Z", "updated_at": "2019-07-12T10:45:08.202Z"}}, {"model": "Anime.genre", "pk": 3, "fields": {"title": "Comedy", "thumbnail": "Comedy.png", "created_at": "2019-07-12T10:45:48.295Z", "updated_at": "2019-07-12T10:45:48.295Z"}}, {"model": "Anime.genre", "pk": 4, "fields": {"title": "Slice of life", "thumbnail": "DailyLife.png", "created_at": "2019-07-12T10:47:10.062Z", "updated_at": "2019-07-12T10:47:10.062Z"}}, {"model": "Anime.genre", "pk": 5, "fields": {"title": "Fantasy", "thumbnail": "Fantasy.png", "created_at": "2019-07-12T10:47:31.892Z", "updated_at": "2019-07-12T10:47:31.892Z"}}, {"model": "Anime.genre", "pk": 6, "fields": {"title": "Romance", "thumbnail": "Romance.png", "created_at": "2019-07-12T10:47:40.716Z", "updated_at": "2019-07-12T10:47:40.716Z"}}, {"model": "Anime.genre", "pk": 7, "fields": {"title": "SciFi", "thumbnail": "ScienceFiction.png", "created_at": "2019-07-12T10:48:39.688Z", "updated_at": "2019-07-12T10:48:39.688Z"}}, {"model": "Anime.genre", "pk": 8, "fields": {"title": "Sports", "thumbnail": "Sports.png", "created_at": "2019-07-12T10:48:52.839Z", "updated_at": "2019-07-12T10:48:52.839Z"}}, {"model": "Anime.genretitleversion", "pk": 1, "fields": {"title": "Acci\u00f3n", "genre_id": 1, "language_id": 1, "created_at": "2019-07-12T10:44:44.615Z", "updated_at": "2019-07-12T10:44:44.615Z"}}, {"model": "Anime.genretitleversion", "pk": 2, "fields": {"title": "Aventura", "genre_id": 2, "language_id": 1, "created_at": "2019-07-12T10:45:08.204Z", "updated_at": "2019-07-12T10:45:08.204Z"}}, {"model": "Anime.genretitleversion", "pk": 3, "fields": {"title": "Comedia", "genre_id": 3, "language_id": 1, "created_at": "2019-07-12T10:45:48.296Z", "updated_at": "2019-07-12T10:45:48.296Z"}}, {"model": "Anime.genretitleversion", "pk": 4, "fields": {"title": "Escolar", "genre_id": 4, "language_id": 1, "created_at": "2019-07-12T10:47:10.063Z", "updated_at": "2019-07-12T10:47:10.063Z"}}, {"model": "Anime.genretitleversion", "pk": 5, "fields": {"title": "Fantasia", "genre_id": 5, "language_id": 1, "created_at": "2019-07-12T10:47:31.893Z", "updated_at": "2019-07-12T10:47:31.893Z"}}, {"model": "Anime.genretitleversion", "pk": 6, "fields": {"title": "Ficci\u00f3n", "genre_id": 7, "language_id": 1, "created_at": "2019-07-12T10:48:39.690Z", "updated_at": "2019-07-12T10:48:39.690Z"}}, {"model": "Anime.genretitleversion", "pk": 7, "fields": {"title": "Deporte", "genre_id": 8, "language_id": 1, "created_at": "2019-07-12T10:48:52.840Z", "updated_at": "2019-07-12T10:48:52.840Z"}}, {"model": "Anime.releasetype", "pk": 1, "fields": {"title": "Season", "created_at": "2019-07-12T10:37:05.798Z", "updated_at": "2019-07-12T10:37:05.798Z"}}, {"model": "Anime.releasetype", "pk": 2, "fields": {"title": "Movie", "created_at": "2019-07-12T10:38:47.650Z", "updated_at": "2019-07-12T10:38:47.650Z"}}, {"model": "Anime.releasetype", "pk": 3, "fields": {"title": "Special", "created_at": "2019-07-12T10:38:57.486Z", "updated_at": "2019-07-12T10:38:57.486Z"}}, {"model": "Anime.releasetype", "pk": 4, "fields": {"title": "OVA", "created_at": "2019-07-12T10:39:01.144Z", "updated_at": "2019-07-12T10:39:01.144Z"}}, {"model": "Anime.release", "pk": 1, "fields": {"anime_id": 1, "release_type_id": 1, "releaseOrder": 1, "title": "Goblin Slayer", "startedAiring": "2018-10-06T15:30:00Z", "stoppedAiring": null, "poster": "2989pxn2dM8d.jpg", "background": "2989pxGAvzve.jpg", "created_at": "2019-07-12T10:52:23.082Z", "updated_at": "2019-07-12T11:31:56.814Z"}}, {"model": "Anime.release", "pk": 2, "fields": {"anime_id": 2, "release_type_id": 1, "releaseOrder": 1, "title": "Uchi no Maid ga Uzasugiru!", "startedAiring": "2018-10-05T14:00:00Z", "stoppedAiring": null, "poster": "3005ggLoWr2l.jpg", "background": "3005SOJ7YWae.jpg", "created_at": "2019-07-12T10:54:35.623Z", "updated_at": "2019-07-12T11:27:16.228Z"}}, {"model": "Anime.release", "pk": 3, "fields": {"anime_id": 3, "release_type_id": 1, "releaseOrder": 1, "title": "Kishuku Gakkou no Juliet", "startedAiring": "2018-10-05T16:25:00Z", "stoppedAiring": null, "poster": null, "background": null, "created_at": "2019-07-12T10:56:31.384Z", "updated_at": "2019-07-12T11:26:58.602Z"}}, {"model": "Anime.release", "pk": 4, "fields": {"anime_id": 4, "release_type_id": 1, "releaseOrder": 1, "title": "Steins;Gate", "startedAiring": "2011-04-05T17:05:00Z", "stoppedAiring": null, "poster": "231a16Y7xZO.jpg", "background": "231flmcHRlU.jpg", "created_at": "2019-07-12T10:59:15.083Z", "updated_at": "2019-07-12T11:26:35.376Z"}}, {"model": "Anime.release", "pk": 5, "fields": {"anime_id": 5, "release_type_id": 1, "releaseOrder": 1, "title": "Tokyo Ghoul", "startedAiring": "2014-07-03T15:00:00Z", "stoppedAiring": null, "poster": "986PGfcbr4n.jpg", "background": "986PCtUNGw8.jpg", "created_at": "2019-07-12T11:02:06.615Z", "updated_at": "2019-07-12T11:26:16.513Z"}}, {"model": "Anime.release", "pk": 6, "fields": {"anime_id": 5, "release_type_id": 1, "releaseOrder": 2, "title": "Tokyo Ghoul:re", "startedAiring": "2018-04-03T14:00:00Z", "stoppedAiring": null, "poster": "2817pj1MuDOE.jpg", "background": "11iuR48P7U.jpg", "created_at": "2019-07-12T11:03:37.579Z", "updated_at": "2019-07-12T11:25:45.339Z"}}, {"model": "Anime.release", "pk": 7, "fields": {"anime_id": 6, "release_type_id": 1, "releaseOrder": 3, "title": "Boku no Hero Academia", "startedAiring": "2018-04-07T08:30:00Z", "stoppedAiring": null, "poster": "2816cZ61ri6x.jpg", "background": "28163fr0Ltd5.jpg", "created_at": "2019-07-12T11:15:36.289Z", "updated_at": "2019-07-12T11:24:55.070Z"}}, {"model": "Anime.episode", "pk": 1, "fields": {"episodeOrder": 1, "thumbnail": "453531xByVYfZ.jpg", "release_id": 7, "episode_code": "636190ac-c0f7-416a-a5e6-72b557716010", "created_at": "2019-07-12T11:24:55.071Z", "updated_at": "2019-07-12T11:24:55.071Z"}}, {"model": "Anime.episode", "pk": 2, "fields": {"episodeOrder": 2, "thumbnail": "45442dIH1pH83.jpg", "release_id": 7, "episode_code": "499530d8-730d-4eb1-9bde-cf3afb68c483", "created_at": "2019-07-12T11:24:55.071Z", "updated_at": "2019-07-12T11:24:55.071Z"}}, {"model": "Anime.episode", "pk": 3, "fields": {"episodeOrder": 3, "thumbnail": "45516luzmeknM.jpg", "release_id": 7, "episode_code": "9c54bd56-2de6-4ec3-a750-1d86c01df43e", "created_at": "2019-07-12T11:24:55.072Z", "updated_at": "2019-07-12T11:24:55.072Z"}}, {"model": "Anime.episode", "pk": 4, "fields": {"episodeOrder": 1, "thumbnail": "231a16Y7.jpg", "release_id": 6, "episode_code": "2cd71190-cc9e-4a04-8b23-d9f6a846b4c5", "created_at": "2019-07-12T11:25:45.341Z", "updated_at": "2019-07-12T11:25:45.341Z"}}, {"model": "Anime.episode", "pk": 5, "fields": {"episodeOrder": 2, "thumbnail": "45300rZwOT8RE.jpg", "release_id": 6, "episode_code": "98e6a304-4fa4-430b-9cea-ef1a04166ff1", "created_at": "2019-07-12T11:25:45.342Z", "updated_at": "2019-07-12T11:25:45.342Z"}}, {"model": "Anime.episode", "pk": 6, "fields": {"episodeOrder": 1, "thumbnail": "20600jb45SVdb.jpg", "release_id": 5, "episode_code": "b7a7c5fd-f3a0-422e-9ec8-e109610aa2ce", "created_at": "2019-07-12T11:26:16.514Z", "updated_at": "2019-07-12T11:26:16.514Z"}}, {"model": "Anime.episode", "pk": 7, "fields": {"episodeOrder": 1, "thumbnail": "49261cEN1Z5m.jpg", "release_id": 4, "episode_code": "e7da4e22-3a09-40e6-be1b-dc824d3d6a57", "created_at": "2019-07-12T11:26:35.377Z", "updated_at": "2019-07-12T11:26:35.377Z"}}, {"model": "Anime.episode", "pk": 8, "fields": {"episodeOrder": 1, "thumbnail": "48645chmTMsB0.jpg", "release_id": 3, "episode_code": "3b2e0b31-d2c0-4bdd-8ea6-42c8762c9950", "created_at": "2019-07-12T11:26:58.604Z", "updated_at": "2019-07-12T11:26:58.604Z"}}, {"model": "Anime.episode", "pk": 9, "fields": {"episodeOrder": 1, "thumbnail": "484325OVYP3qc.jpg", "release_id": 2, "episode_code": "1664150c-d4dc-4fbe-a0eb-6dc954c28209", "created_at": "2019-07-12T11:27:16.229Z", "updated_at": "2019-07-12T11:27:16.229Z"}}, {"model": "Anime.episode", "pk": 10, "fields": {"episodeOrder": 1, "thumbnail": "48522LHyvEvS0.jpg", "release_id": 1, "episode_code": "dfa8d6f7-406b-43a3-8a55-952cbeeb14dc", "created_at": "2019-07-12T11:31:56.816Z", "updated_at": "2019-07-12T11:31:56.816Z"}}, {"model": "Anime.episode", "pk": 11, "fields": {"episodeOrder": 2, "thumbnail": "49147Wc6Ljxad.jpg", "release_id": 1, "episode_code": "ff67527f-87b2-4a35-9778-4c1010a4e3a6", "created_at": "2019-07-12T11:31:56.816Z", "updated_at": "2019-07-12T11:31:56.816Z"}}, {"model": "Anime.episode", "pk": 12, "fields": {"episodeOrder": 3, "thumbnail": "49147Wc6Ljxad.jpg", "release_id": 1, "episode_code": "c64ef54d-472e-48a9-ba08-da8a7810431d", "created_at": "2019-07-12T11:31:56.818Z", "updated_at": "2019-07-12T11:31:56.818Z"}}, {"model": "Anime.episode", "pk": 13, "fields": {"episodeOrder": 4, "thumbnail": "48781el1mcnSj.jpg", "release_id": 1, "episode_code": "138c6bd1-f51f-4c03-87c3-4f125afe04eb", "created_at": "2019-07-12T11:31:56.821Z", "updated_at": "2019-07-12T11:31:56.821Z"}}, {"model": "Anime.episode", "pk": 14, "fields": {"episodeOrder": 5, "thumbnail": "48845nRvtMo7d.jpg", "release_id": 1, "episode_code": "a745300e-c938-407c-b8ca-3f2309970c4e", "created_at": "2019-07-12T11:31:56.822Z", "updated_at": "2019-07-12T11:31:56.822Z"}}, {"model": "Anime.episode", "pk": 15, "fields": {"episodeOrder": 6, "thumbnail": "48934dxZYxgMf.jpg", "release_id": 1, "episode_code": "90c31368-aa93-4dd2-a55d-2969e605b589", "created_at": "2019-07-12T11:31:56.822Z", "updated_at": "2019-07-12T11:31:56.822Z"}}, {"model": "Anime.episode", "pk": 16, "fields": {"episodeOrder": 7, "thumbnail": "48645chmTMsB0.jpg", "release_id": 1, "episode_code": "2e07c274-b451-4bc7-a177-a6c2201e8b70", "created_at": "2019-07-12T11:31:56.823Z", "updated_at": "2019-07-12T11:31:56.823Z"}}, {"model": "Anime.episode", "pk": 17, "fields": {"episodeOrder": 8, "thumbnail": "487207STqxnFT.jpg", "release_id": 1, "episode_code": "3c072f6b-b4a7-400c-aa14-55d1006beca4", "created_at": "2019-07-12T11:31:56.823Z", "updated_at": "2019-07-12T11:31:56.823Z"}}, {"model": "Anime.episode", "pk": 18, "fields": {"episodeOrder": 9, "thumbnail": "48655Ju2A3zqp.jpg", "release_id": 1, "episode_code": "da4076db-3729-4a62-94a7-a89de25bdd1a", "created_at": "2019-07-12T11:31:56.824Z", "updated_at": "2019-07-12T11:31:56.824Z"}}, {"model": "Anime.episode", "pk": 19, "fields": {"episodeOrder": 10, "thumbnail": "48591coiTxODZ.jpg", "release_id": 1, "episode_code": "efd54d33-a5a9-4d1d-8dc0-3fe165099b0a", "created_at": "2019-07-12T11:31:56.824Z", "updated_at": "2019-07-12T11:31:56.824Z"}}, {"model": "Anime.episode", "pk": 20, "fields": {"episodeOrder": 11, "thumbnail": "493335yxbtYJn.jpg", "release_id": 1, "episode_code": "a9c48d94-b33d-4753-a3c7-1830f7ff35a5", "created_at": "2019-07-12T11:31:56.824Z", "updated_at": "2019-07-12T11:31:56.824Z"}}, {"model": "Anime.episode", "pk": 21, "fields": {"episodeOrder": 12, "thumbnail": "49372DFE4KUCO.jpg", "release_id": 1, "episode_code": "8f8e3f3f-1c62-424d-aca5-c095870d0b6e", "created_at": "2019-07-12T11:31:56.825Z", "updated_at": "2019-07-12T11:31:56.825Z"}}]